titre;auteur;genre;isbn;editeur;date_publication;nb_pages
Le cartographe des Indes boréales;Olivier TRUC;Fiction;978275788104;Points;10/09/2020;624
Le cri de la chouette;Hervé BAZIN;;2000036001376;Grasset;01/09/1972;
Adieu;Jacques EXPERT;Policier;3010000119173;Le Livre de Poche;27/03/2013;398
A Certain Justice;P. D. James;;9780140274684;Penguin;10/11/1998;496
Mystery;Peter STRAUB;Fiction;9780307472229;Pocket;01/01/2010;548
Maine;J. Courtney SULLIVAN;;9780307596819;Le Livre de Poche;14/06/2011;600
Confessions of a Taoist on Wall Street;David PAYNE;;9780345410382;43374;01/09/1996;
True History Of The Kelly Gang;Peter CAREY;;9780571204083;Faber And Faber;01/01/2001;
Galíndez;Manuel VAZQUEZ MONTALBAN;Fiction;9780689121210;Points;01/01/1992;343
Alaska;James Albert MICHENER;Fiction;9780749319762;Presses de la cité;01/01/1997;1274
Dalva;Jim HARRISON;Fiction;9780802192226;43374;20/12/2013;999
Russka;Edward RUTHERFURD;Fiction;9781409039631;Pocket;23/12/2010;1024
Fiona Range;Mary McGARRY MORRIS;Fiction;9781440628498;Pocket;01/07/2001;432
Bondrée;Andrée A. MICHAUD;;9781771961097;;16/05/2017;304
Louisa Elliott;Ann-Victoria ROBERTS;Fiction;9781909270848;Le Livre de Poche;06/04/2014;720
L'hôtel New Hampshire;John IRVING;;9782020064729;Points;01/05/1983;
Un Mariage poids moyen;John IRVING;;9782020088084;Points;01/06/1985;320
une priere pour owen;John IRVING;;9782020107129;Points;01/01/1989;568
La Belle Affaire;T. Coraghessan BOYLE;;9782020146241;Points;12/05/1993;452
Liberté pour les ours !;John IRVING;;9782020197298;Points;01/01/1998;
La croix et la bannière;William BOYD;;9782020221597;Points;21/04/2001;301
Les nouvelles confessions;William BOYD;;9782020239233;Points;15/03/1995;633
Comme neige au soleil;William BOYD;;9782020239240;Points;15/03/1995;459
Docile;Didier DECOIN;;9782020285186;Points;09/02/1996;365
Un enfant de la balle;John IRVING;;9782020309011;Points;08/07/1998;765
La promeneuse d'oiseaux;Didier DECOIN;;9782020319836;Points;03/02/2000;395
LA neige tombait sur les cèdres;David GUTERSON;;9782020321211;Points;01/01/1998;382
Armadillo;William BOYD;;9782020372299;Points;01/01/1999;367
Louise;Didier DECOIN;Literary Collections;9782020374286;Points;;304
Le voyage de Théo;Catherine CLEMENT;;9782020382038;Points;28/09/1999;720
Le diamant noir;Peter MAYLE;Fiction;9782020386050;Points;01/01/2001;290
Le Théorème du perroquet;Denis GUEDJ;;9782020427852;Points;19/08/2000;654
La Maison Russie;John LE CARRE;;9782020479936;Folio;03/10/2003;480
La Tempête;Juan Manuel DE PRADA;;9782020525763;Points;14/01/2002;349
N'oublie pas mes petits souliers;Joseph CONNOLLY;;9782020551328;Points;02/04/2004;496
L'Homme sans fusil;Ysabelle LACAMP;;9782020581110;Points;19/03/2003;368
L' artiste des dames;Eduardo MENDOZA;Juvenile Nonfiction;9782020581134;Points;01/01/2003;345
À livre ouvert - Grand prix des Lectrices de Elle 2003;William BOYD;;9782020617130;Points;14/01/2004;608
Talion;Christian de MONTELLA;;9782020663946;Points;01/01/2004;960
Qu'elle repose en paix;Jonathan KELLERMAN;;9782020826099;Points;05/01/2006;570
La vie invisible;Juan Manuel DE PRADA;;9782020849494;Points;12/01/2006;627
La femme sur la plage avec un chien;William BOYD;;9782020864763;Points;14/04/2006;196
La femme de chambre du Titanic;Didier DECOIN;;9782020903738;Points;09/11/2006;330
Le philosophe nu;Alexandre JOLLIEN;;9782020959155;Seuil;19/08/2010;197
Petites Infamies;Carmen POSADAS;Fiction;9782021085891;Points;;318
L'Ame du chasseur;Deon MEYER;Fiction;9782021088786;Points;;472
Jusqu'au dernier;Deon MEYER;Fiction;9782021088809;Points;;457
Lemmer, l'invisible;Deon MEYER;Fiction;9782021088823;Points;;448
Poussières d'exil;Patrick BARD;Fiction;9782021106527;Points;;494
Meurtriers sans visage;Henning MANKELL;Fiction;9782021174519;Points;;352
Le Retour du professeur de danse;Henning MANKELL;Fiction;9782021178708;Points;;544
Les Chaussures italiennes;Henning MANKELL;Fiction;9782021178784;Points;;352
La Cinquième Femme;Henning MANKELL;Fiction;9782021178821;Points;;492
Cartel, la suite de la Griffe du chien;Don WINSLOW;Fiction;9782021213188;Points;;720
La Reine du Sud;Arturo PEREZ-REVERTE;Fiction;9782021228700;Points;;529
Le Cimetière des bateaux sans nom;Arturo PEREZ-REVERTE;Fiction;9782021228731;Points;;577
Deux hommes de bien;Arturo PEREZ-REVERTE;Fiction;9782021288063;Points;;512
Avenue des mystères;John IRVING;Fiction;9782021299809;Points;;528
Le Tarbouche;Robert SOLE;Fiction;9782021338966;Points;;420
Pleine Lune;Antonio Muñoz Molina;Fiction;9782021344820;Points;;384
Beatus Ille;Antonio Muñoz Molina;Fiction;9782021344929;Points;;352
Mapuche - Prix du meilleur polar français 2012 par le magazine Lire;Caryl FEREY;;9782070130764;Gallimard;27/04/2012;464
Tiens ferme ta couronne;Yannick HAENEL;Fiction;9782070177875;Gallimard;;368
La Peste à New-York;Gwyneth CRAVENS;;9782070299195;Gallimard;03/05/1978;
Le Clan des Otori (Tome 2) - Les Neiges de l'exil;Lian HEARN;;9782070300310;Folio;01/05/2014;400
La mort dans l'âme;Ian RANKIN;Fiction;9782070300891;Folio;01/10/2005;607
Le Clan des Otori, tome 1 : Le Silence du Rossignol;Lian HEARN;;9782070302581;Folio;15/09/2003;372
La part du mort: Une enquête du commissaire Llob;Yasmina KHADRA;;9782070305155;Folio;26/05/2005;432
Seul dans Berlin;Hans FALLADA;Fiction;9782070312962;Folio;01/01/2004;558
Bienvenue au club;Jonathan COE;;9782070317233;Folio;16/06/2011;545
Rage de Dents (une Enquete de Victor Carl);William LASHNER;;9782070345199;Folio;14/11/2008;672
Le Fil du destin;Lian HEARN;;9782070359899;Folio;01/05/2014;704
Les Ailes de la colombe;Henry JAMES;;9782070370986;Folio;22/03/1979;384
Solal;Albert COHEN;;9782070372690;Folio;03/04/1981;471
La Moustache;Emmanuel CARRERE;;9782070378838;Folio;16/06/2005;182
Testament à l'anglaise;Jonathan COE;;9782070403264;Folio;27/08/1997;682
La Sirène rouge;Maurice G. DANTEC;;9782070406364;Folio;29/08/2002;591
Le Chasseur de têtes;Timothy FINDLEY;;9782070415373;Folio;30/09/2001;782
Le portail;Francois BIZOT;;9782070417650;Folio;31/01/2002;439
Le Clan des Otori (Tome 3-La Clarté de la lune);Lian HEARN;;9782070426553;Folio;13/10/2005;448
La trilogie Max Mingus (Tome 1) - Tonton Clarinette;Nick STONE;;9782070427826;Editions Gallimard;28/05/2013;688
L'épée de Darwin;Dan SIMMONS;Fiction;9782070429684;Folio;01/01/2004;605
2666;Roberto Bolaño;;9782070437139;Folio;03/03/2011;1376
Zulu;Caryl FEREY;;9782070437573;Folio;23/04/2010;404
Saga maorie;Caryl FEREY;;9782070442850;Folio;27/10/2011;832
Le gardien invisible;Dolores REDONDO;;9782070461691;Folio;15/01/2015;528
Le coeur cousu;Carole MARTINEZ;Fiction;9782072411069;Folio;;445
Neige;Orhan PAMUK;Fiction;9782072447211;Folio;;629
Rouge Brésil. Tropique de France;Jean-Christophe RUFIN;Fiction;9782072448058;Folio;;605
Monsieur Malaussène - La saga Malaussène;Daniel PENNAC;Fiction;9782072468452;Gallimard;;656
Des chrétiens et des Maures - La saga Malaussène;Daniel PENNAC;Fiction;9782072468476;Folio;;96
Aux fruits de la passion - La saga Malaussène;Daniel PENNAC;Fiction;9782072468490;Gallimard;;240
L'amie prodigieuse;Elena FERRANTE;Fiction;9782072475061;Folio;;400
Le successeur de pierre;Jean-Michel TRUONG;Fiction;9782072487934;Pocket;;641
Americanah;Chimamanda NGOZI ADICHIE;Fiction;9782072649943;Folio;;704
Check-point;Jean-Christophe RUFIN;Fiction;9782072650628;Folio;;416
Sourires de loup;Zadie SMITH;Fiction;9782072653087;Folio;;736
L'amie prodigieuse (Tome 3) - Celle qui fuit et celle qui reste;Elena FERRANTE;Fiction;9782072657528;Folio;;480
Le chapiteau vert;Ludmila OULITSKAIA;Fiction;9782072681691;Folio;;784
L'amie prodigieuse (Tome 2) - Le nouveau nom;Elena FERRANTE;Fiction;9782072693151;;;640
La Terre qui penche;Carole MARTINEZ;Fiction;9782072714542;Folio;;432
Condor;Caryl FEREY;Fiction;9782072747694;Folio;;512
Le suspendu de Conakry;Jean-Christophe RUFIN;Fiction;9782072785313;Folio;;315
Le tour du monde du roi Zibeline;Jean-Christophe RUFIN;Fiction;9782072793264;Folio;;416
Les fantômes du vieux pays;Nathan HILL;Fiction;9782072798009;Folio;;960
Cette chose étrange en moi;Orhan PAMUK;Fiction;9782072825286;Folio;;832
L'enfant du Danube;János SZEKELY;Fiction;9782072825385;Folio;;864
Plus jamais seul;Caryl FEREY;Fiction;9782072840883;Folio;;320
Les prophètes du fjord de l'éternité;Kim LEINE;;9782072874963;Folio;04/03/2021;
Macbeth;Jo NESBO;;9782072898983;Folio;07/07/2020;
Paz;Caryl FEREY;Fiction;9782072922145;Folio;;608
Requiem pour une République;Thomas CANTALOUBE;Fiction;9782072922510;Folio;;544
Le couteau;Jo NESBO;Fiction;9782072922855;Folio;;688
La proie;Deon MEYER;Fiction;9782072922916;Folio;;576
Le cas Malaussène (Tome 1) - Ils m'ont menti;Daniel PENNAC;Fiction;9782072935442;Folio;;224
La face nord du coeur;Dolores REDONDO;Fiction;9782072965425;Folio;;768
Aminata;Lawrence HILL;Fiction;9782072989483;Folio;;481
L'étoile brisée;Nadeije LANEYRIE DAGEN;Fiction;9782073002365;Folio;;670
Les invités;Raouf OUFKIR;Generals;9782080682444;J'ai Lu;01/01/2003;518
Les garçons;Wesley STACE;;9782081205352;J'ai Lu;01/01/2008;429
Le parfum d'Adam;Jean-Christophe RUFIN;Fiction;9782081234178;Folio;;544
Katiba;Jean-Christophe RUFIN;Fiction;9782081244047;Folio;;399
Le Rêve le plus doux;Doris LESSING;Fiction;9782081252295;J'ai Lu;;489
Je te vois reine des quatre parties du monde: L'épopée de Doña Isabel Barreto, Conquistadora des Mers du Sud, Première et seule femme amirale de l'armada espagnole;Alexandra LAPIERRE;;9782081269927;Flammarion;20/03/2013;573
L'Ambition: ou l'épopée de soi;Vincent CESPEDES;;9782081270794;Flammarion;02/10/2013;312
The gimmick;Adrienne PENNER;;9782082001274;Flammarion;30/06/2004;
L'objet de mon affection;Stephen McCAULEY;;9782207235911;J'ai Lu;01/01/1998;382
Ali le magnifique;Paul SMAIL;North Africans;9782207251867;J'ai Lu;01/01/2001;618
Un agent très secret;François LANTRADE;;9782213020563;Fayard;02/12/1987;313
Ondes de choc;Jennifer ROWE;Birdwood, Verity (Fictitious character);9782213594842;Le Livre de Poche;01/01/1995;295
Heures d'angoisse - Prix Quai des Orfèvres  1997;Roger LE TAILLANTER;;9782213596952;Fayard;01/12/1996;273
Le Fond de l'âme effraie : Prix du quai des orfèvres 2001 (Romanesque);Guy LANGLOIS;;9782213606880;Fayard;22/11/2000;397
Bandit n'était pas manchot - Prix Quai des Orfèvres  2003;Jérôme JARRIGE;;9782213613000;Fayard;02/12/2002;310
Les Sarments d'Hippocrate : Prix du quai des orfèvres 2004 (Romanesque);Sylvie M. JEMA;;9782213615745;Fayard;26/11/2003;343
Toubib;Gilbert SCHLOGEL;Fiction;9782213649924;Le Livre de Poche;10/05/2002;508
Le Roi des ordures;Jean VAUTRIN;Fiction;9782213650203;Le Livre de Poche;08/01/1997;286
Encore une danse;Katherine PANCOL;Fiction;9782213669168;Le Livre de Poche;07/01/1998;360
La vie mode d'emploi;Georges PEREC;Fiction;9782213674063;Le Livre de Poche;22/03/2011;662
Madame Bâ;Erik ORSENNA;Fiction;9782213674285;Le Livre de Poche;23/04/2003;496
Le Phare;P. D. James;Fiction;9782213704005;Le Livre de Poche;28/10/2016;442
Fils de personne;Jean-François PASQUES;Policier;9782213725109;;09/11/2022;315
Cette nuit la liberte;Dominique LAPIERRE;;9782221004739;Robert Laffont;01/01/1975;555
La Nuit des Groenlandais;Jane SMILEY;;9782221057711;Le Livre de Poche;01/01/1989;574
Le sang du renard;Minette WALTERS;;9782221099544;Pocket;01/01/2004;426
Notre-Dame des Caraïbes;Yves VIOLLIER;Fiction;9782221121887;Pocket;07/04/2011;238
L'Ombre du vent;Carlos RUIZ ZAFÓN;Fiction;9782221133125;Le Livre de Poche;08/11/2012;503
Moi, Charlotte Simmons;Tom WOLFE;Fiction;9782221138304;Pocket;11/06/2015;739
Le Bûcher des vanités;Tom WOLFE;Fiction;9782221138311;Le Livre de Poche;04/09/2014;689
Le Troisième Jumeau - NE;Ken FOLLETT;;9782221141076;Robert Laffont;13/03/2014;485
Le Voile de Téhéran;Parinoush SANIEE;Fiction;9782221157169;Points;08/01/2015;416
Le bel avenir;Georges CONCHON;;9782226016737;Albin Michel;23/08/1983;484
L'homme nu;Dan SIMMONS;Fiction;9782226069054;Le Livre de Poche;01/01/1994;327
L'amour, la mort;Dan SIMMONS;Fiction;9782226077189;;01/01/1995;388
Douce nuit;Mary HIGGINS CLARK;;9782226079756;Albin Michel;31/10/1995;225
Flamingo;Larry BAKER;;9782226100122;Pocket;28/04/1998;424
La Valse lente des tortues;Katherine PANCOL;Fiction;9782226196132;Le Livre de Poche;14/01/2009;688
Les Yeux jaunes des crocodiles;Katherine PANCOL;Fiction;9782226197443;Le Livre de Poche;14/01/2009;656
Ulysse from Bagdad;Eric-Emmanuel SCHMITT;Fiction;9782226199560;Le Livre de Poche;31/03/2009;320
Manhattan Freud;Luc BOSSI;Fiction;9782226199676;Le Livre de Poche;02/04/2009;368
Le Miroir de Cassandre;Bernard WERBER;Fiction;9782226210005;Le Livre de Poche;26/05/2010;640
Les Ecureuils de Central Park sont tristes le lundi;Katherine PANCOL;Fiction;9782226214287;Le Livre de Poche;08/04/2010;864
L'Empire des anges;Bernard WERBER;Fiction;9782226222022;Le Livre de Poche;26/05/2010;416
Le Jour des fourmis;Bernard WERBER;Fiction;9782226222039;Le Livre de Poche;26/05/2010;466
Les Thanatonautes;Bernard WERBER;Fiction;9782226222145;Le Livre de Poche;26/05/2010;464
L'Ultime secret;Bernard WERBER;Fiction;9782226222152;Le Livre de Poche;26/05/2010;416
La Promesse de l'ange;Frédéric LENOIR;Fiction;9782226234834;Le Livre de Poche;21/03/2013;496
La Part de l'autre;Eric-Emmanuel SCHMITT;Fiction;9782226236593;Le Livre de Poche;20/06/2014;496
Bonheurs d'enfance;Christian SIGNOL;Fiction;9782226236906;Le Livre de Poche;05/11/2012;234
Attirances;Didier VAN CAUWELAERT;Fiction;9782226237231;Le Livre de Poche;21/03/2013;256
Hors de moi;Didier VAN CAUWELAERT;Fiction;9782226237262;Le Livre de Poche;21/03/2013;224
Rencontre sous X;Didier VAN CAUWELAERT;Fiction;9782226237279;Le Livre de Poche;07/11/2012;256
L'Apparition;Didier VAN CAUWELAERT;Fiction;9782226237286;Le Livre de Poche;05/11/2012;288
L'Education d'une fée;Didier VAN CAUWELAERT;Fiction;9782226237293;Le Livre de Poche;05/11/2012;256
La Demi-pensionnaire;Didier VAN CAUWELAERT;Fiction;9782226237309;Le Livre de Poche;07/11/2012;224
Un objet en souffrance;Didier VAN CAUWELAERT;Fiction;9782226237361;Le Livre de Poche;05/11/2012;272
L'Armoire des robes oubliées;Riikka PULKKINEN;Fiction;9782226269331;Le Livre de Poche;04/01/2012;400
Expiation;Patricia MACDONALD;Fiction;9782226307064;Le Livre de Poche;07/07/2014;320
Un étranger dans la maison;Patricia MACDONALD;Fiction;9782226307088;Le Livre de Poche;07/07/2014;290
Petite Soeur;Patricia MACDONALD;Fiction;9782226307101;Le Livre de Poche;07/07/2014;286
Sans retour;Patricia MACDONALD;Fiction;9782226307125;Le Livre de Poche;07/07/2014;304
La Double Mort de Linda;Patricia MACDONALD;Fiction;9782226307149;Le Livre de Poche;07/07/2014;352
Une femme sous surveillance;Patricia MACDONALD;Fiction;9782226307163;Le Livre de Poche;07/07/2014;416
Personnes disparues;Patricia MACDONALD;Fiction;9782226307187;Le Livre de Poche;07/07/2014;384
Dernier Refuge;Patricia MACDONALD;Fiction;9782226307200;Le Livre de Poche;07/07/2014;448
Etrange affaire;Peter ROBINSON;Fiction;9782226308665;Le Livre de Poche;07/07/2014;400
L'Effet papillon;Jussi ADLER-OLSEN;Fiction;9782226337665;Le Livre de Poche;02/01/2015;656
Gaspard des montagnes;Henri POURRAT;;9782226341396;Le Livre de Poche;;
Le Secret du mari;Liane MORIARTY;Fiction;9782226343796;Le Livre de Poche;01/04/2015;416
Lontano;Jean-Christophe GRANGE;Fiction;9782226382085;Le Livre de Poche;09/09/2015;784
Les Secrets de l'île;Viveca STEN;Fiction;9782226383778;Le Livre de Poche;04/05/2016;432
La Première habitude;Françoise Lefèvre;;9782231008369;J'ai Lu;01/01/1976;253
Purge;Sofi OKSANEN;Fiction;9782234069251;Le Livre de Poche;25/08/2010;408
Room;Emma DONOGHUE;Fiction;9782234071285;Le Livre de Poche;24/08/2011;408
Leçons de conduite;Anne TYLER;Fiction;9782234073005;Le Livre de Poche;01/06/2011;336
Une autre femme;Anne TYLER;Fiction;9782234073760;Le Livre de Poche;09/05/2012;424
En suivant les étoiles;Anne TYLER;Fiction;9782234074330;Le Livre de Poche;10/04/2013;328
Le bureau des jardins et des étangs;Didier DECOIN;Fiction;9782234074644;Le Livre de Poche;02/01/2017;396
Les jours en couleurs;Yves SIMON;Fiction;9782246062998;Le Livre de Poche;12/01/1971;210
Archaos ou le jardin étincelant;Christiane ROCHEFORT;Fiction;9782246160199;Grasset;20/01/1999;449
Un paradis sur mesure (Littérature);Christine ARNOTHY;;9782246257813;Le Livre de Poche;12/01/1983;332
L'ami de la famille (Littérature);Christine ARNOTHY;;9782246336310;Le Livre de Poche;04/04/1984;344
25 histoires d'amour;T. Coraghessan BOYLE;;9782246402213;Le Livre de Poche;09/02/2000;443
Le cinquième rêve;Patrice VAN EERSEL;Literary Collections;9782246409397;Le Livre de Poche;08/01/1997;348
Désert brûlant;Christine ARNOTHY;;9782246416715;Le Livre de Poche;07/10/1992;328
Une promesse;Sorj CHALANDON;Fiction;9782246711797;Le Livre de Poche;23/08/2006;288
Le lecteur de cadavres;Antonio GARRIDO;Fiction;9782246802440;Le Livre de Poche;19/03/2014;616
Les trouble-fête (Littérature);Christine ARNOTHY;;9782246804109;Le Livre de Poche;03/04/1986;323
Une histoire sans mots;Xu Bing;;9782246808879;Grasset;06/11/2013;128
Prague fatale;Philip KERR;Fiction;9782253000419;Le Livre de Poche;08/01/2014;407
Da Vinci Code;Dan BROWN;;9782253001171;Le Livre de Poche;28/05/2014;624
Je suis Pilgrim;Terry HAYES;;9782253001676;Le Livre de Poche;01/04/2015;912
Colline;Jean GIONO;;9782253002895;Le Livre de Poche;01/01/1992;159
Regain;Jean GIONO;;9782253004028;Le Livre de Poche;01/01/1958;178
La Mousson;Louis BROMFIELD;;9782253005216;Le Livre de Poche;01/05/1974;695
Les nuits difficiles (nouvelles);Dino BUZZATI;;9782253007999;Le Livre de Poche;05/10/1995;
Le K;Dino BUZZATI;;9782253008361;Le Livre de Poche;01/01/1992;384
Matins a jalna;Mazo DE LA ROCHE;;9782253008446;Le Livre de Poche;01/01/1968;
Un de Baumugnes;Jean GIONO;;9782253010845;Le Livre de Poche;01/01/1976;192
Le reve de l'escalier : nouvelles;Dino BUZZATI;;9782253011187;Le Livre de Poche;05/10/1995;
L'ami imaginaire;Stephen CHBOSKY;Fiction;9782253012566;Le Livre de Poche;17/06/2020;416
Abraham de Brooklyn;Didier DECOIN;;9782253015246;Points;01/01/1976;
La Saison des Américains;Christine ARNOTHY;;9782253016694;Le Livre de Poche;01/02/1973;447
L'Enfant de l'étranger;Alan HOLLIGHURST;;9782253020424;Le Livre de Poche;;768
Comme un collégien;John LE CARRE;;9782253022909;Le Livre de Poche;01/01/1979;727
Le Cardinal prisonnier;Christine ARNOTHY;;9782253024620;Le Livre de Poche;01/01/1980;317
Un Type merveilleux;Christine ARNOTHY;;9782253025290;Le Livre de Poche;01/11/1980;382
Toutes les chances plus une;Christine ARNOTHY;;9782253027546;Le Livre de Poche;01/10/1981;380
L'Arme à l'oeil (Policier / Thriller t. 590);Ken FOLLETT;;9782253027782;Le Livre de Poche;19/11/2012;382
Le choix des armes;Michel GRISOLIA;;9782253029533;Le Livre de Poche;01/03/1986;378
Congo;Michael CRICHTON;;9782253030034;Le Livre de Poche;30/06/1986;477
Haute mer;Michel GRISOLIA;;9782253031918;Le Livre de Poche;15/10/1990;
Le Code Rebecca (Policier / Thriller t. 7473);Ken FOLLETT;;9782253032069;Le Livre de Poche;19/11/2012;379
Un turbulent silence;André BRINK;;9782253032113;Le Livre de Poche;01/01/1985;573
Coup de foudre, Le rêve des années 50;Olivier COHEN;;9782253032724;Le Livre de Poche;01/09/1983;192
Sans bavures;Frederick FORSYTH;;9782253034186;Le Livre de Poche;01/03/1991;
Les guetteurs : roman;Michel GRISOLIA;;9782253034605;Le Livre de Poche;28/02/1990;
Retour à Malaveil;Claude COURCHAY;;9782253034667;Le Livre de Poche;31/05/1997;
Dead Zone;Stephen KING;;9782253035268;Le Livre de Poche;01/01/1987;477
UN INSTANT DANS LE VENT;André BRINK;;9782253035701;Le Livre de Poche;01/01/1988;320
Le maître et Marguerite;Mikhail BOULGAKOV;;9782253037293;Le Livre de Poche;31/01/1996;
La Garde blanche;Mikhail BOULGAKOV;;9782253037309;Le Livre de Poche;30/08/1997;
Un cri dans la nuit;Mary HIGGINS CLARK;;9782253037323;Le Livre de Poche;01/01/1999;311
L'Incroyable secret;Clive CUSSLER;;9782253037996;Le Livre de Poche;11/12/1985;409
La Maison Aux Esprits;Isabel ALLENDE;;9782253038047;Fayard;01/01/1986;540
Très sage Héloïse;Jeanne BOURIN;;9782253040620;Le Livre de Poche;14/10/2002;223
Le mur de la peste;André BRINK;;9782253040651;Le Livre de Poche;01/01/1987;
La Proie pour l'ombre;P. D. James;;9782253040705;Le Livre de Poche;01/01/1987;285
L'île des morts;P. D. James;;9782253041139;Le Livre de Poche;01/03/1987;400
La Dame de beauté;Jeanne BOURIN;;9782253041696;Le Livre de Poche;01/05/1987;184
D'amour et d'ombre;Isabel ALLENDE;;9782253041757;Le Livre de Poche;01/05/1987;371
Le Talisman;Stephen KING;;9782253041818;Le Livre de Poche;01/09/1987;1084
Les Lions du Panshir;Ken FOLLETT;;9782253042020;Le Livre de Poche;01/02/1995;405
Un pur espion;John LE CARRE;;9782253042945;Le Livre de Poche;01/01/1989;825
La Mala Hora;Gabriel GARCIA MARQUEZ;;9782253045038;Le Livre de Poche;01/01/1988;220
Meurtre dans un fauteuil;P. D. James;;9782253045533;Le Livre de Poche;17/02/1988;408
La meurtriere;P. D. James;;9782253046523;Le Livre de Poche;01/01/1990;381
Ouragan T01 Azadeh;James CLAVELL;;9782253046653;Le Livre de Poche;30/09/1992;
Sharazad tome II;James CLAVELL;;9782253047711;Le Livre de Poche;01/01/1996;
La noble maison. Tome 1;James CLAVELL;;9782253048244;Le Livre de Poche;01/12/1998;733
La noble maison. Tome 2;James CLAVELL;;9782253048251;Le Livre de Poche;28/02/1999;736
Un certain goût pour la mort;P. D. James;;9782253048596;Le Livre de Poche;01/02/1989;572
Hawai;André LE GAL;;9782253048800;Le Livre de Poche;31/01/1994;
La foire aux mules;Michelle CLEMENT-MAINARD;;9782253050605;Le Livre de Poche;01/09/1989;448
Samarcande;Amin MAALOUF;;9782253051206;Le Livre de Poche;01/01/1989;376
Le Démon du passé;Mary HIGGINS CLARK;;9782253051343;Le Livre de Poche;01/01/1989;286
Sans Les Mains;P. D. James;;9782253051565;Le Livre de Poche;01/01/1990;252
Les enfants de Salonique Tome 3 : Diane;Bernard LENTERIC;;9782253053217;Le Livre de Poche;01/01/1990;446
Eva Luna;Isabel ALLENDE;;9782253053545;Le Livre de Poche;01/01/1992;416
Ne pleure pas ma belle;Mary HIGGINS CLARK;;9782253054740;Le Livre de Poche;01/01/1996;286
Meurtres en blouse blanche;P. D. James;;9782253055921;Le Livre de Poche;01/02/1991;348
Dors ma jolie;Mary HIGGINS CLARK;;9782253057642;Le Livre de Poche;01/09/1991;288
Mort d'un expert;P. D. James;;9782253058311;Le Livre de Poche;01/01/1992;347
Plus grands que l'amour;Dominique LAPIERRE;;9782253058915;Le Livre de Poche;01/01/1992;532
Les Piliers de la Terre;Ken FOLLETT;;9782253059530;Le Livre de Poche;15/04/1992;1056
La Danse des masques;Jean-François COATMEUR;;9782253060055;Le Livre de Poche;30/08/1997;344
A visage couvert;P. D. James;;9782253060321;Le Livre de Poche;01/05/1992;250
L'empreinte des sabots;Michelle CLEMENT-MAINARD;;9782253060581;Le Livre de Poche;02/06/1992;313
Par Action Et Par Omission;P. D. James;;9782253061939;Le Livre de Poche;01/11/1992;507
Les Contes d'Eva Luna;Isabel ALLENDE;;9782253062066;Le Livre de Poche;02/12/1992;345
La plage d'Ostende;Jacqueline HARPMAN;;9782253062691;Le Livre de Poche;01/02/1993;316
Le fantome de lady margaret;Mary HIGGINS CLARK;;9782253062738;Le Livre de Poche;01/01/2001;284
Un acte de terreur;André BRINK;;9782253062875;Le Livre de Poche;29/06/2001;989
Une affaire d'héritage;Christine ARNOTHY;;9782253063308;Le Livre de Poche;01/03/1993;506
Le nègre et l'amiral : roman;Raphaël CONFIANT;;9782253063384;Le Livre de Poche;22/04/1993;445
Ayez pitié du coeur des hommes;Eve de CASTRO;;9782253064008;Le Livre de Poche;25/08/2000;375
Une constellation de phénomènes vitaux;Anthony MARRA;;9782253066095;Le Livre de Poche;06/01/2016;544
La Mémoire des embruns;Karen VIGGERS;;9782253066217;Le Livre de Poche;30/03/2016;576
Le fils;Philipp MEYER;;9782253067931;Le Livre de Poche;30/03/2016;792
Assam;Gérard DE CORTANZE;;9782253068266;Le Livre de Poche;07/01/2004;789
Hook;Michelle MILLER;Fiction;9782253069133;Le Livre de Poche;08/02/2017;552
La Maison des hautes falaises;Karen VIGGERS;Fiction;9782253069393;Le Livre de Poche;31/03/2016;345
Les vrais durs;T. Coraghessan BOYLE;;9782253070160;Le Livre de Poche;08/11/2017;522
Eclairs lointains;Heinrich GERLACH;;9782253070962;Le Livre de Poche;21/08/2019;864
Les Maraudeurs;Tom COOPER;Fiction;9782253071013;Le Livre de Poche;04/05/2016;416
Parmi les loups et les bandits;Atticus LISH;Fiction;9782253071129;Le Livre de Poche;18/08/2016;560
Les oubliés du dimanche;Valérie PERRIN;;9782253071167;Le Livre de Poche;29/04/2015;378
Cartes postales de Grèce;Victoria HISLOP;;9782253071259;Le Livre de Poche;09/05/2018;480
Manuel à l'usage des femmes de ménage;Lucia BERLIN;Fiction;9782253071402;Le Livre de Poche;04/01/2017;560
Une colonne de feu;Ken FOLLETT;Fiction;9782253071549;Le Livre de Poche;14/09/2017;811
Le Crépuscule et l'Aube;Ken FOLLETT;Fiction;9782253071556;;17/09/2020;730
Tous à Zanzibar;John BRUNNER;;9782253071808;Le Livre de Poche;01/01/1995;703
Dans la colère du fleuve;Tom FRANKLIN;Fiction;9782253073376;Le Livre de Poche;25/02/2015;432
La ferme du bout du monde;Sarah VAUGHAN;;9782253074052;Le Livre de Poche;28/03/2018;475
Recherche Jeune Femme Aimant Danser;Mary HIGGINS CLARK;;9782253076186;Le Livre de Poche;12/01/1994;277
L'Empire du mal;Allan FOLSOM;;9782253076544;Le Livre de Poche;04/10/1995;704
La main froide;Serge BRUSSOLO;;9782253076803;Le Livre de Poche;01/10/1996;414
Des feux sous la cendre;Jean-François COATMEUR;;9782253076810;Le Livre de Poche;01/10/1996;380
Le sourire noir;Serge BRUSSOLO;;9782253076865;Le Livre de Poche;01/12/1996;349
Tant qu'il y aura des cèdres;Pierre JARAWAN;Literary Collections;9782253077756;Le Livre de Poche;27/02/2020;403
Le Jour des cendres;Jean-Christophe GRANGE;Fiction;9782253079460;Le Livre de Poche;03/06/2020;368
Neuf parfaits étrangers;Liane MORIARTY;Fiction;9782253079811;Le Livre de Poche;03/02/2020;512
Aria;Nazanine HOZAR;Fiction;9782253080039;Le Livre de Poche;19/08/2020;522
Le poète;Michael CONNELLY;Fiction;9782253085867;Le Livre de Poche;01/01/2013;541
La piste noire;Asa LARSSON;;9782253086314;Le Livre de Poche;09/12/2020;
Ils ne savent pas ce qu'ils font;Jussi VALTONEN;Fiction;9782253088196;Le Livre de Poche;11/01/2017;672
Le Sang des roses;Patrick CAUVIN;;9782253090267;Le Livre de Poche;07/01/2004;316
Choc;Robin COOK;;9782253090328;Le Livre de Poche;01/01/2001;412
Le Réseau Corneille;Ken FOLLETT;;9782253090564;Le Livre de Poche;05/05/2004;599
Lorsque j'étais quelqu'un d'autre;Stéphane ALLIX;Biography & Autobiography;9782253091707;Le Livre de Poche;20/10/2017;456
Sans même un adieu;Robert GODDARD;Fiction;9782253092643;Le Livre de Poche;10/11/2016;529
La Soeur de l'ombre;Patricia MACDONALD;;9782253092940;Le Livre de Poche;04/03/2015;336
L'allée du Sycomore;John GRISHAM;;9782253093060;Le Livre de Poche;25/03/2015;768
À la lumière de ce que nous savons;Zia Haider RAHMAN;Fiction;9782253098799;Le Livre de Poche;;528
La nuit est mon royaume;Mary HIGGINS CLARK;;9782253099123;Le Livre de Poche;04/01/2006;445
Corky;Joyce Carol OATES;;9782253099703;Le Livre de Poche;04/02/2015;960
Les Collines d'Eucalyptus;Duong THU HUONG;;9782253099918;Le Livre de Poche;25/02/2015;888
Couleurs de l'incendie;Pierre LEMAITRE;Fiction;9782253100416;Le Livre de Poche;03/01/2018;544
Une seconde chance;Mary HIGGINS CLARK;;9782253101222;Le Livre de Poche;05/01/2005;409
Ceux qu'on aime;Victoria HISLOP;Literary Collections;9782253101727;Le Livre de Poche;10/10/2019;403
Le bruissement des feuilles;Karen VIGGERS;Fiction;9782253101734;Le Livre de Poche;11/04/2019;376
L'Institut;Stephen KING;Fiction;9782253103424;Le Livre de Poche;03/02/2020;608
Loin;Alexis MICHALIK;;9782253103592;Le Livre de Poche;01/01/2020;643
Il n'est pire aveugle;John BOYNE;Fiction;9782253106517;Le Livre de Poche;07/04/2021;380
A la recherche d'Alice Love;Liane MORIARTY;;9782253106673;Le Livre de Poche;01/01/2019;459
L'oiseau bleu d'Erzeroum;Ian MANOOK;Choisir un groupe;9782253107705;Le Livre de Poche;01/01/2021;0
Vertu de jade;Lisa FLEISCHMAN;;9782253108412;Le Livre de Poche;16/06/2004;543
D'amour et d'eau fraîche;T. Coraghessan BOYLE;;9782253109099;Le Livre de Poche;19/10/2005;723
L'Ombre de Gray mountain;John GRISHAM;;9782253111948;Le Livre de Poche;04/05/2016;576
La dernière porte;Dean KOONTZ;;9782253112532;Le Livre de Poche;23/03/2005;922
Lapidation;Alain ABSIRE;;9782253112563;Fayard;;300
Jonathan Strange et Mr Norrell;Susanna CLARKE;;9782253112839;Le Livre de Poche;27/02/2008;1149
Peur blanche;Ken FOLLETT;;9782253113041;Le Livre de Poche;28/02/2006;442
L'Empire des Loups;Jean-Christophe GRANGE;;9782253113935;Le Livre de Poche;22/06/2005;572
Une mort sans nom;Patricia CORNWELL;;9782253114109;Le Livre de Poche;03/10/2007;480
Le Royaume du dragon d'or;Isabel ALLENDE;;9782253115373;Le Livre de Poche;01/03/2006;320
La Ligne noire;Jean-Christophe GRANGE;;9782253116592;Le Livre de Poche;07/06/2006;608
Saison noire;Pat CONROY;;9782253117803;Le Livre de Poche;01/11/2006;537
Geisha;Arthur GOLDEN;;9782253117957;Le Livre de Poche;16/05/2006;604
La Piste africaine;Christine ARNOTHY;;9782253117971;Le Livre de Poche;07/02/2007;539
Loin de Chandigarh;Annick LE GOYAT Tarun TEJPAL;;9782253118015;Le Livre de Poche;01/01/2007;692
Le Cercle des initiés;T. Coraghessan BOYLE;;9782253118114;Le Livre de Poche;18/04/2007;608
Relations inquiétantes;Christine ARNOTHY;;9782253118145;Le Livre de Poche;07/02/2007;377
Zorro;Isabel ALLENDE;;9782253118305;Le Livre de Poche;07/03/2007;541
Paranoïa;Joseph FINDER;;9782253119142;Le Livre de Poche;17/01/2007;640
Le Chirurgien Ambulant;Wolf SERNO;Fiction;9782253119227;Le Livre de Poche;01/01/2007;792
La Plantation;Calixthe BEYALA;;9782253119968;Le Livre de Poche;14/02/2007;413
LE SOUFFLE DES DIEUX.;Bernard WERBER;;9782253121190;Le Livre de Poche;01/01/2007;631
4 Fers Au Feu;James PATTERSON;Fiction;9782253123088;Le Livre de Poche;01/10/2008;403
Deception Point;Dan BROWN;;9782253123163;Le Livre de Poche;03/01/2008;704
Company Man;Joseph FINDER;;9782253123279;Le Livre de Poche;01/01/2008;697
Salem;Stephen KING;;9782253124993;Le Livre de Poche;25/02/2009;827
Les Mille et Une Vies de Billy Milligan;Daniel KEYES;;9782253125020;Le Livre de Poche;28/01/2009;636
Le roi des mensonges;John HART;;9782253125129;Le Livre de Poche;15/04/2009;445
Les vivants et les ombres;Diane MEUR;Fiction;9782253125655;Le Livre de Poche;01/02/2010;633
Le rapport de Brodeck - Prix Goncourt des lycéens 2007;Philippe CLAUDEL;;9782253125723;Le Livre de Poche;01/04/2009;374
Un monde sans fin;Ken FOLLETT;;9782253125761;Le Livre de Poche;06/01/2010;1344
De l'eau pour les éléphants;Sara GRUEN;;9782253125808;Le Livre de Poche;03/06/2009;480
La Chute des géants;Ken FOLLETT;Fiction;9782253125952;;11/10/2012;915
Le Siècle, Tome 2 : L'Hiver du monde;Ken FOLLETT;;9782253125969;Le Livre de Poche;30/10/2013;1032
Forteresse digitale;Dan BROWN;;9782253127079;Le Livre de Poche;07/01/2009;512
Erreur fatale;Robin COOK;;9782253127123;Le Livre de Poche;13/05/2009;633
La trilogie berlinoise (cc);Philip KERR;;9782253128434;Le Livre de Poche;13/01/2010;1024
Seul contre tous;Jeffrey ARCHER;;9782253128519;Le Livre de Poche;31/03/2010;640
La Mort, entre autres;Philip KERR;;9782253128526;Le Livre de Poche;02/02/2011;576
Melnitz;Charles LEWINSKY;Fiction;9782253129035;Le Livre de Poche;01/01/2010;955
Trudi la naine - Prix des lecteurs 2010(cc);Ursula HEGI;;9782253129431;Le Livre de Poche;03/02/2010;736
L'histoire d'Edgar Sawtelle;David WROBLEWSKI;Fiction;9782253129660;Le Livre de Poche;01/01/2010;702
Une mort esthétique;P. D. James;;9782253133742;Le Livre de Poche;02/03/2011;608
Le Symbole perdu;Dan BROWN;;9782253134176;Le Livre de Poche;02/02/2011;736
Au bout du monde;T. Coraghessan BOYLE;;9782253135456;Le Livre de Poche;01/06/1994;656
Le Plan infini;Isabel ALLENDE;;9782253136088;Le Livre de Poche;01/01/1994;472
L'enfant des sept mers;Paul-Loup SULITZER;French fiction;9782253136651;Le Livre de Poche;01/01/1995;510
Adamastor;André BRINK;;9782253137580;Le Livre de Poche;01/05/1995;116
La Grande rivière;Michelle CLEMENT-MAINARD;;9782253137702;Le Livre de Poche;01/07/1995;282
Les Fils de l'homme;P. D. James;;9782253138310;Le Livre de Poche;01/09/1995;311
Soleils amers;Eve de CASTRO;;9782253138419;Le Livre de Poche;01/10/1995;189
Soleils Rouges;Paul-Loup SULITZER;Fiction;9782253138921;Le Livre de Poche;01/02/1997;606
La Marque de Windfield;Ken FOLLETT;;9782253139096;Le Livre de Poche;01/02/1996;626
Conan Lord: Carnets secrets d'un cambrioleur;Serge BRUSSOLO;;9782253139218;Le Livre de Poche;01/01/1996;220
Ces enfants d'ailleurs;Arlette COUSTURE;;9782253139430;Le Livre de Poche;01/04/1996;569
L'orient, c'est l'orient;T. Coraghessan BOYLE;;9782253139706;Le Livre de Poche;01/01/1996;510
Tout au contraire;André BRINK;;9782253140207;Le Livre de Poche;01/10/1996;410
La Voleuse d'hommes;Margaret ATWOOD;;9782253140672;Le Livre de Poche;01/12/1996;600
Tête de diable;Paul-Loup SULITZER;;9782253140764;Le Livre de Poche;01/01/1995;445
La Route obscure;Serge BRUSSOLO;;9782253140863;Le Livre de Poche;01/01/1997;219
La Souille - Prix Interallié 1995;Franz-Olivier GIESBERT;;9782253140900;Le Livre de Poche;01/02/1997;215
Les imaginations du sable;André BRINK;;9782253142676;Le Livre de Poche;01/10/1997;505
Au-delà de la mer Egée;Elia KAZAN;;9782253142713;Le Livre de Poche;01/01/1997;635
Un garçon convenable *;Vikram SETH;Fiction;9782253143284;Le Livre de Poche;01/01/1997;1780
Le Pays de la liberté;Ken FOLLETT;;9782253143307;Le Livre de Poche;01/11/1997;476
Fleur de pavé : Roman sur un thème d'Aristide Bruant;Pascal LAINE;;9782253143567;Le Livre de Poche;01/12/1997;414
Qumran;Eliette ABECASSIS;;9782253143635;Le Livre de Poche;07/01/1998;474
Les Enfants du Graal , tome 1;Peter BERLING;;9782253144069;Le Livre de Poche;01/03/1998;823
Beach music;Pat CONROY;;9782253144519;Le Livre de Poche;03/06/1998;924
Le faucon du Siam;Axel AYLWEN;;9782253144526;Le Livre de Poche;27/05/1998;667
La montagne des parfums;Pédro LONG NGUYEN;;9782253145141;Le Livre de Poche;21/10/1998;602
La Plage;Alex GARLAND;;9782253146513;Le Livre de Poche;01/05/1999;474
América;T. Coraghessan BOYLE;;9782253146599;Le Livre de Poche;01/05/1999;447
L'envol du faucon;Axel AYLWEN;;9782253146742;Le Livre de Poche;16/06/1999;509
L'Or et la Cendre;Eliette ABECASSIS;;9782253146902;Le Livre de Poche;01/09/1999;378
La Confession de Dina Winter;Paul-Loup SULITZER;Fiction;9782253147114;Le Livre de Poche;01/01/1999;381
La Femme d'affaires;Paul-Loup SULITZER;Fiction;9782253147749;Le Livre de Poche;01/01/2000;351
Le Dernier vol du faucon, tome 3 : Le Faucon du Siam;Axel AYLWEN;;9782253148951;Le Livre de Poche;01/06/2000;505
Retour à Cold Mountain;Charles FRAZIER;;9782253149286;Le Livre de Poche;01/01/2000;506
Le Manuscrit de Port-Ebène - Prix Renaudot 1998;Dominique BONA;;9782253149880;Le Livre de Poche;01/01/1998;316
Meurtre à l'université : Un crime littéraire;Batya GOUR;;9782253149989;Le Livre de Poche;15/01/2001;352
Sac d'os;Stephen KING;;9782253150374;Le Livre de Poche;24/03/2001;725
Le loup mongol - Prix Médicis 1998;HOMERIC;;9782253150619;Le Livre de Poche;16/05/2001;473
L'enfant léopard;Daniel PICOULY;Fiction;9782253150749;Grasset;01/01/2001;347
Ça, tome 1;Stephen KING;;9782253151340;Le Livre de Poche;13/02/2002;800
Ça, tome 2;Stephen KING;;9782253151357;Le Livre de Poche;13/02/2002;638
Misery;Stephen KING;;9782253151371;Le Livre de Poche;04/09/2002;391
Coeurs perdus en Atlantide;Stephen KING;;9782253151401;Le Livre de Poche;05/03/2003;667
Le Fléau, tome 1;Stephen KING;;9782253151418;Le Livre de Poche;08/09/2010;764
Le Fléau, tome 2;Stephen KING;;9782253151425;Le Livre de Poche;04/06/2003;795
Simetierre;Stephen KING;;9782253151432;Le Livre de Poche;03/09/2003;636
Dreamcatcher;Stephen KING;;9782253151449;Le Livre de Poche;01/10/2003;890
Riven Rock;T. Coraghessan BOYLE;;9782253151845;Le Livre de Poche;07/11/2001;698
Le Vallon du diable;André BRINK;;9782253151906;Le Livre de Poche;04/01/2002;411
Le Cycle de Pendragon, tome 1: Taliesin;Stephen LAWHEAD;;9782253152187;Le Livre de Poche;01/09/2007;667
Véronika décide de mourir;Paulo COELHO;;9782253152279;Le Livre de Poche;13/02/2002;287
Sous l'aile du bizarre;Kate ATKINSON;;9782253152347;Le Livre de Poche;08/09/2010;407
Marie-Mai;Michelle CLEMENT-MAINARD;;9782253152378;Le Livre de Poche;13/02/2002;350
Laurier blanc;Janet FITCH;;9782253152897;Le Livre de Poche;15/05/2002;536
Jules César;Roger CARATINI;;9782253153276;Le Livre de Poche;03/06/2002;1020
La vengeance d'Esther;Paul-Loup SULITZER;Fiction;9782253154037;Le Livre de Poche;01/01/2003;415
Le trésor du Temple;Eliette ABECASSIS;;9782253154235;Le Livre de Poche;01/01/2003;320
Un ami de la terre;T. Coraghessan BOYLE;;9782253154297;Le Livre de Poche;19/02/2003;475
Etrangers dans la nuit;Marc LAMBRON;;9782253154426;Le Livre de Poche;12/03/2003;348
La Table des enfants;Isabelle HAUSSER;;9782253154631;Le Livre de Poche;03/04/2003;573
Le festin de l'orque;Stuart HARRISSON;;9782253154716;Le Livre de Poche;02/04/2003;374
Portrait sépia;Isabel ALLENDE;;9782253154839;Le Livre de Poche;04/06/2003;404
Six oies cendrées;Henri COULONGES;;9782253154938;Le Livre de Poche;04/06/2003;575
Tabarly;Benoît HEIMERMANN;;9782253154945;Le Livre de Poche;04/06/2003;540
Code zéro;Ken FOLLETT;;9782253155041;Le Livre de Poche;15/05/2003;448
Les Anonymes;R. J. ELLORY;;9782253157113;Le Livre de Poche;29/02/2012;736
Par un matin d'automne;Robert GODDARD;;9782253158363;Le Livre de Poche;05/01/2011;544
Le club des incorrigibles optimistes - Prix Goncourt des lycéens 2009;Jean-Michel GUENASSIA;;9782253159643;Le Livre de Poche;24/08/2011;736
Le Scandale Modigliani (Littérature & Documents t. 32185);Ken FOLLETT;;9782253159735;Le Livre de Poche;19/11/2012;352
Duma Key;Stephen KING;;9782253159810;Le Livre de Poche;09/03/2011;864
Sépharade;Eliette ABECASSIS;;9782253160182;Le Livre de Poche;11/05/2011;480
L'Île des oubliés;Victoria HISLOP;;9782253161677;Le Livre de Poche;17/04/2013;528
Comme des larmes sous la pluie;Véronique BIEFNOT;Fiction;9782253162841;Le Livre de Poche;01/04/2014;354
Les Revenants;Laura KASISCHKE;;9782253164524;Le Livre de Poche;03/01/2013;672
Hôtel Adlon;Philip KERR;;9782253167273;Le Livre de Poche;03/01/2013;672
Heather Mallender a disparu;Robert GODDARD;;9782253169536;Le Livre de Poche;27/02/2013;720
L'Alliance des Trois (Autre-monde tome 1);Maxime CHATTAM;;9782253169567;Le Livre de Poche;31/10/2012;456
La fille de la nuit;Serge BRUSSOLO;;9782253170075;Le Livre de Poche;01/06/1997;316
Nécropsie;Hubert CORBIN;;9782253170228;Le Livre de Poche;01/01/1998;382
Morts en eaux troubles;Patricia CORNWELL;;9782253170327;Le Livre de Poche;13/05/1998;377
Le murmure des loups;Serge BRUSSOLO;;9782253170341;Le Livre de Poche;01/01/1998;249
La Maison du clair de lune;Mary HIGGINS CLARK;;9782253170372;Le Livre de Poche;03/06/1998;381
Joyeux Noël, Merry Christmas;Mary HIGGINS CLARK;;9782253170532;Le Livre de Poche;26/10/1998;254
Ni vue, ni connue;Mary HIGGINS CLARK;;9782253170563;Le Livre de Poche;01/01/2009;317
Contagion;Robin COOK;;9782253170822;Le Livre de Poche;01/06/1999;475
Genesis;John CASE;;9782253171300;Le Livre de Poche;01/12/1999;505
Combustion;Patricia CORNWELL;;9782253171348;Le Livre de Poche;03/05/2000;447
Les Rivières pourpres;Jean-Christophe GRANGE;;9782253171676;Le Livre de Poche;07/02/2001;410
Un témoin silencieux;Richard NORTH PATTERSON;Fiction;9782253171737;Le Livre de Poche;01/03/2001;478
La Chambre indienne;Serge BRUSSOLO;;9782253171744;Le Livre de Poche;01/03/2001;283
Vérité;Peter JAMES;;9782253172048;Le Livre de Poche;07/11/2001;605
Avant de te dire adieu;Mary HIGGINS CLARK;;9782253172109;Le Livre de Poche;20/12/2001;441
Le Concile de pierre;Jean-Christophe GRANGE;;9782253172161;Le Livre de Poche;13/02/2002;413
Passion noire;Susan HOWATCH;;9782253173199;Le Livre de Poche;01/12/2003;637
Histoires sans issue;T. Coraghessan BOYLE;;9782253173540;Le Livre de Poche;13/11/2013;408
Miséricorde;Jussi ADLER-OLSEN;;9782253173618;Le Livre de Poche;09/01/2013;528
Loin de Chandigarh;Tarun TEJPAL;Fiction;9782253173991;;10/09/2012;704
La Mémoire dans la peau;Robert LUDLUM;Fiction;9782253174394;Le Livre de Poche;04/02/2013;672
Famille modèle;Eric PUCHNER;;9782253175551;Le Livre de Poche;29/05/2013;552
La Maison des singes;Sara GRUEN;;9782253175599;Le Livre de Poche;26/06/2013;456
Le Médecin d'Ispahan;Noah GORDON;Fiction;9782253176350;;22/10/2014;608
Le Temps des orages;Charlotte LINK;Fiction;9782253176374;Le Livre de Poche;06/10/2014;574
Le Fil des souvenirs;Victoria HISLOP;;9782253178101;Le Livre de Poche;07/05/2014;576
Une dernière danse;Victoria HISLOP;;9782253178118;Le Livre de Poche;06/05/2015;624
Au chat et à la souris;James PATTERSON;Fiction;9782253178637;Pocket;30/01/2014;444
Kaiken;Jean-Christophe GRANGE;;9782253179160;Le Livre de Poche;26/02/2014;552
Deuil interdit;Michael CONNELLY;Bosch, Harry (Fictitious character);9782253181231;Le Livre de Poche;01/01/2006;456
Lumière noire;Lisa GARDNER;Fiction;9782253181385;Le Livre de Poche;03/01/2018;512
L'Unité Alphabet;Jussi ADLER-OLSEN;Fiction;9782253181408;Le Livre de Poche;29/08/2018;640
La fille cachée;Lisa GARDNER;;9782253181644;Le Livre de Poche;29/08/2012;469
Meurtres en soutane;P. D. James;;9782253182382;Le Livre de Poche;05/03/2003;507
Le Temps d'un autre (Littérature & Documents);Robert GODDARD;;9782253184225;Le Livre de Poche;25/02/2015;493
Délivrance;Jussi ADLER-OLSEN;;9782253184386;Le Livre de Poche;02/01/2015;744
Omerta;R. J. ELLORY;Fiction;9782253184454;Le Livre de Poche;02/06/2022;496
La Ville orpheline;Victoria HISLOP;;9782253194422;Le Livre de Poche;04/05/2016;480
Muchachas 1 poche;Katherine PANCOL;;9782253194644;Le Livre de Poche;02/09/2015;480
22/11/1963;Stephen KING;;9782253195108;Le Livre de Poche;01/10/2014;1056
Sous protection;Viveca STEN;Policier;9782253195443;Le Livre de Poche;02/06/2021;528
Juste derrière moi;Lisa GARDNER;;9782253195504;Le Livre de Poche;05/01/2022;576
Les promises;Jean-Christophe GRANGE;Policier;9782253195542;Le Livre de Poche;01/01/2021;652
Au coeur de l'été;Viveca STEN;Fiction;9782253237280;Le Livre de Poche;01/03/2017;416
La Montagne magique;Thomas MANN;Fiction;9782253237594;Le Livre de Poche;14/09/2016;784
Les fureurs invisibles du coeur;John BOYNE;Fiction;9782253237853;Le Livre de Poche;22/08/2018;580
Les Immortalistes;Chloe BENJAMIN;Fiction;9782253238003;Le Livre de Poche;15/04/2019;416
Changer l'eau des fleurs;Valérie PERRIN;;9782253238027;Le Livre de Poche;26/08/2019;
San Perdido;David ZUKERMAN;Fiction;9782253240815;Le Livre de Poche;02/01/2019;450
La Dernière Chasse;Jean-Christophe GRANGE;Fiction;9782253241522;Le Livre de Poche;10/04/2019;416
Dans l'ombre du Paradis;Viveca STEN;;9782253241584;Le Livre de Poche;03/06/2020;573
De bonnes raisons de mourir;Morgan AUDIC;Fiction;9782253241591;Le Livre de Poche;03/05/2019;496
La sentence;John GRISHAM;Fiction;9782253241805;Le Livre de Poche;04/03/2020;500
Le Jour où Kennedy n'est pas mort;R. J. ELLORY;Fiction;9782253241874;Le Livre de Poche;04/06/2020;368
Sel;Jussi ADLER-OLSEN;Policier;9782253243922;Le Livre de Poche;25/05/2022;560
Les Crimes de nos pères;Asa LARSSON;Policier;9782253244004;Le Livre de Poche;02/11/2022;557
La Doublure;Mélissa DA COSTA;Fiction;9782253244585;Le Livre de Poche;03/10/2022;507
Origine;Dan BROWN;Fiction;9782253258148;Le Livre de Poche;04/10/2017;576
Dans les angles morts;Elizabeth BRUNDAGE;Fiction;9782253258292;Le Livre de Poche;;528
Trois baisers;Katherine PANCOL;Fiction;9782253259497;Le Livre de Poche;04/10/2017;864
La Terre des morts;Jean-Christophe GRANGE;Fiction;9782253259930;Le Livre de Poche;02/05/2018;560
Le Chant de l'assassin;R. J. ELLORY;Fiction;9782253260134;Le Livre de Poche;23/05/2019;496
L'Héritage Davenall;Robert GODDARD;Fiction;9782253261926;Le Livre de Poche;26/09/2019;704
Les sept soeurs;Lucinda RILEY;;9782253262329;Le Livre de Poche;16/07/2019;528
La sœur de la tempête;Lucinda RILEY;Fiction;9782253262336;Le Livre de Poche;08/04/2016;565
La soeur de l'ombre;Lucinda RILEY;;9782253262343;Le Livre de Poche;13/03/2018;778
La sœur à la perle;Lucinda RILEY;Fiction;9782253262350;Le Livre de Poche;12/03/2019;529
La sœur de la Lune;Lucinda RILEY;Fiction;9782253262367;Le Livre de Poche;19/05/2020;603
La Sœur du soleil;Lucinda RILEY;Fiction;9782253262374;Le Livre de Poche;04/05/2021;771
Les sept soeurs, tome 7;Lucinda RILEY;Fiction;9782253262381;Le Livre de Poche;;784
Coeur de chien;Mikhail BOULGAKOV;;9782253933144;Le Livre de Poche;01/07/1999;156
Tout le bleu du ciel;Mélissa DA COSTA;Fiction;9782253934103;Le Livre de Poche;15/02/2019;654
Ohio;Stephen MARKLEY;Fiction;9782253935032;Le Livre de Poche;19/08/2020;560
Pour rien au monde;Ken FOLLETT;Literary Collections;9782253935179;Le Livre de Poche;10/11/2021;668
Je revenais des autres;Mélissa DA COSTA;Fiction;9782253936138;Le Livre de Poche;05/05/2021;576
Trois;Valérie PERRIN;Fiction;9782253936145;Le Livre de Poche;01/04/2021;672
Les soeurs de Montmorts;Jérôme LOUBRY;Policier;9782253937838;Le Livre de Poche;01/05/2023;
Les Jalna, Tome 1 : La Naissance de Jalna;Mazo DE LA ROCHE;;9782258028180;Le Livre de Poche;14/10/1998;1031
Les Jalna, Tome 3 : Finch Whiteoak, Le Maître de Jalna, La moisson de Jalna, Le destin de Wakefield;Mazo DE LA ROCHE;;9782258031043;Le Livre de Poche;01/08/1990;1222
Le dieu fleuve;Wilbur SMITH;;9782258038622;Pocket;01/01/1993;639
Les tambours sauvages;Michel PEYRAMAURE;Colonists;9782258070103;Pocket;01/01/2006;595
Les Nuits du Caire;Dominique MARNY;Fiction;9782258104709;Pocket;18/04/2013;325
L'assassin qui rêvait d'une place au paradis;Jonas JONASSON;Fiction;9782258135390;Pocket;18/02/2016;277
Le secret du Temple;Paul SUSSMAN;Fiction;9782258135659;Pocket;12/11/2015;418
C'est ainsi que les hommes vivent;Pierre PELOT;Fiction;9782258137042;Le Livre de Poche;03/11/2016;1011
Une avalanche de conséquences;Elizabeth GEORGE;Fiction;9782258138568;Pocket;22/09/2016;495
Le prince héritier;Bernard LENTERIC;;9782259186803;Le Livre de Poche;01/01/1998;273
Le Petit Copain;Donna TARTT;Fiction;9782259221870;Pocket;09/01/2014;608
Le Maître des illusions;Donna TARTT;Fiction;9782259222259;Pocket;09/01/2014;504
Migrations;Miloš CRNJANSKI;Serbia;9782260004868;Le Livre de Poche;01/01/1986;855
La Petite femelle;Philippe JAENADA;Fiction;9782260021360;Points;20/08/2015;615
La Conjuration des imbéciles;John KENNEDY TOOLE;;9782264013415;43374;08/07/2006;478
Le grand Elysium Hôtel;Timothy FINDLEY;;9782264016423;43374;29/05/1997;539
L'Inconsolé;Kazuo ISHIGURO;;9782264024190;43374;02/06/1999;608
L'Histoire de Bone;Dorothy ALLiSON;;9782264024671;10 X 18;20/01/1999;414
L'amour du mal;Francis DICK;;9782264028563;43374;07/01/1999;350
En route vers l'ouest;Jim HARRISON;;9782264031747;10 X 18;03/05/2001;367
Quand nous étions orphelins;Kazuo ISHIGURO;;9782264033741;43374;05/09/2002;383
La Maison du bout du monde;Michael CUNNINGHAM;;9782264034274;10 X 18;19/05/2004;424
La Poussière des ombres;Barbara HAMBLY;;9782264035738;43374;07/11/2002;445
Dispersés par le vent;Richard FLANAGAN;;9782264037053;10 X 18;04/08/2004;392
Le café Azul profundo;Roberto AMPUERO;;9782264038814;43374;07/07/2005;364
De Marquette à Veracruz;Jim HARRISON;;9782264041159;10 X 18;13/12/2005;485
Jackpot;Carl HIAASEN;;9782264041470;43374;03/05/2005;540
Diadorim;João GUIMARAES ROSA;;9782264041791;10 X 18;01/01/2005;628
Wilt 1;Tom SHARPE;Fiction;9782264042439;43374;01/01/2005;288
Les cerfs-volants de Kaboul - Grand prix des Lectrices de Elle 2006;Khaled HOSSEINI;;9782264043573;43374;20/03/2006;405
A PROPOS D'UN GAMIN;Nick HORNBY;;9782264044273;10 X 18;10/05/2006;316
Mêlée ouverte au Zoulouland;Tom SHARPE;;9782264044303;43374;01/01/2006;286
Wisconsin;Mary Relindes ELLIS;;9782264046246;43374;01/01/2008;442
Le pont des soupirs;Richard RUSSO;;9782264048851;10 X 18;07/01/2010;831
Quelque chose à te dire;Hanif KUREISHI;;9782264048967;10 X 18;21/01/2010;568
Mille soleils splendides;Khaled HOSSEINI;;9782264049063;43374;08/01/2009;411
Dans la gorge du dragon;Eliot PATTISON;;9782264049872;43374;04/06/2009;532
Le proscrit;Sadie JONES;;9782264050298;10 X 18;19/08/2010;377
Beatles;Lars Saabye CHRISTENSEN;;9782264053121;10 X 18;03/02/2011;800
Vocation fatale;Anne PERRY;Fiction;9782264054746;43374;01/06/2011;380
Triple Crossing;Sebastian ROTELLA;;9782264060402;10 X 18;19/09/2013;500
Chroniques de l'oiseau à ressort;Haruki MURAKAMI;;9782264061362;10 X 18;21/08/2014;960
Underground;Haruki MURAKAMI;;9782264062703;10 X 18;06/02/2014;542
Ainsi résonne l'écho infini des montagnes;Khaled HOSSEINI;;9782264063496;10 X 18;02/10/2014;498
L'incolore Tsukuru Tazaki et ses années de pèlerinage;Haruki MURAKAMI;;9782264066176;10 X 18;02/09/2015;360
Le secret de la manufacture de chaussettes inusables;Annie BARROWS;;9782264066695;10 X 18;02/06/2016;696
Nous;David NICHOLLS;;9782264067425;10 X 18;07/04/2016;552
Des hommes sans femmes;Haruki MURAKAMI;;9782264073020;43374;01/04/2018;
Au feu, les pompiers;M. J. ARLIDGE;Fiction;9782264073501;;01/03/2018;433
Une idée apparaît;Haruki MURAKAMI;Fiction;9782264074188;43374;11/10/2018;392
Power;Michaël MENTION;Fiction;9782264074355;43374;05/09/2019;464
Réveiller les lions;Ayelet GUNDAR-GOSHEN;Fiction;9782264074379;43374;07/09/2017;326
L'arbre monde;Richard POWERS;;9782264074430;43374;30/01/2020;
La métaphore se déplace;Haruki MURAKAMI;;9782264075178;43374;01/12/2019;
L'Envol du moineau;Amy BELDING BROWN;Literary Collections;9782264075529;43374;21/03/2019;349
La Fabrique des salauds;Chris KRAUS;Literary Collections;9782264076267;43374;22/08/2019;869
L'abbé Grégoire s'en mêle;Anne VILLEMIN-SICHERMAN;;9782264076656;43374;09/12/2020;
Tout le bonheur du monde;Claire LOMBARDO;;9782264077226;43374;01/01/2021;702
Au nom des miens;Nina WÄHÄ;Literary Collections;9782264077257;43374;26/08/2021;398
Clockers;Richard PRICE;Literary Collections;9782264078407;43374;19/03/2020;522
Aujourd'hui comme hier;Mary Beth KEANE;Literary Collections;9782264080035;43374;26/08/2021;410
Les exfiltrés de Berlin;Harald GILBERS;Fiction;9782264080097;43374;26/05/2021;448
Le créateur de poupées;Nina ALLAN;;9782264080967;43374;12/08/2021;404
Mary wakefield;Mazo DE LA ROCHE;;9782266000901;;08/07/2015;
Fanny Stevenson, entre passion et liberté;Alexandra LAPIERRE;;9782266008204;Pocket;02/03/1995;663
Tant qu'il y aura des hommes !;James JONES;;9782266019057;Pocket;01/03/1987;
Dolores Claiborne;Stephen KING;;9782266047425;Pocket;06/11/1998;323
CALIFORNIA SAGA. Tome 1;John JAKES;;9782266050708;Pocket;12/10/1992;491
CALIFORNIA SAGA. Tome 2;John JAKES;;9782266050746;Pocket;24/06/1992;434
Des croix sur la mer;Jean-François COATMEUR;;9782266052153;Pocket;01/06/1991;215
L'or des sables;André LE GAL;;9782266055048;Pocket;12/02/1993;
Au caprice des esprits;André LE GAL;;9782266058742;Pocket;21/01/1994;255
Soleil levant;Michael CRICHTON;;9782266064873;Pocket;01/08/1995;407
Congo;Michael CRICHTON;;9782266068383;Pocket;30/07/1995;445
Non coupable;John GRISHAM;;9782266068529;Pocket;01/01/1996;694
L'Enfant loué;Joan BRADY;;9782266070379;Pocket;01/10/1997;303
Genius;Sophie GALLOIS;;9782266071499;Pocket;01/03/1997;632
Le Couloir De La Mort;John GRISHAM;;9782266072472;Pocket;01/01/1998;555
La tête dans le carton à chapeaux;Mark CHILDRESS;;9782266072878;Pocket;31/10/1997;459
Les moissons mortes;Sarah FRYDMAN;;9782266072892;Pocket;11/09/1997;828
La migration des coeurs;Maryse CONDE;;9782266073127;Pocket;16/03/1998;337
Les Aigles noirs;Larry COLLINS;;9782266074124;Pocket;18/06/1996;600
Un goût de cendres;Elizabeth GEORGE;;9782266074612;Pocket;14/05/1997;718
Lune de printemps;Bette BAO LORD;;9782266074865;Pocket;11/06/1998;607
Le nid de l'araignée;Jonathan KELLERMAN;;9782266076272;Pocket;04/03/1999;435
Malena c'est un nom de tango;Almudena GRANDES;;9782266077538;Pocket;02/03/2000;640
La valse du diable;Jonathan KELLERMAN;;9782266077552;Pocket;26/03/1998;461
L'idéaliste;John GRISHAM;;9782266078597;Pocket;01/04/1998;548
Phobies;Judith KELMAN;;9782266080149;Pocket;01/01/1999;381
Entre les mailles du filet;Judith KELMAN;;9782266082518;Pocket;02/11/2000;434
Sphère;Michael CRICHTON;;9782266084956;Pocket;02/10/1998;394
Demain est à nous;Larry COLLINS;;9782266089494;Pocket;14/08/2000;540
Artémisia;Alexandra LAPIERRE;;9782266093071;Pocket;04/10/1999;669
Lame de fond;Minette WALTERS;Actors;9782266098519;Pocket;01/01/2000;443
Affaire de goût;Philippe BALLAND;;9782266099967;Pocket;20/04/2000;256
Ressusciter les morts;Joe CONNELLY;;9782266103015;Pocket;06/07/2000;359
Préjudice;Jonathan HARR;;9782266104340;Pocket;21/08/2003;655
La Puissance des vaincus;Wally LAMB;;9782266108287;Pocket;06/06/2002;850
Le Testament;John GRISHAM;;9782266110594;Pocket;04/04/2002;522
Mille Femmes blanches;Jim FERGUS;;9782266110785;Pocket;22/07/2004;505
Ou tu porteras mon deuil;Dominique LAPIERRE;;9782266111461;Pocket;01/04/1994;600
L'énigme du parc;Martha GRIMES;;9782266112918;Pocket;01/01/2008;462
Ebène (Aventures africaines);Ryszard KAPUSCINSKI;;9782266114585;Pocket;17/10/2002;373
Prisonniers du temps;Michael CRICHTON;;9782266115223;Pocket;15/04/2004;601
L'intrus;Peter BLAUNER;;9782266116954;Pocket;07/03/2002;409
L'ultime trahison;Joseph KANON;;9782266117449;Pocket;15/03/2003;668
À la recherche de Klingsor;Jorge VOLPI;;9782266118477;Pocket;01/01/2003;604
Une haine aveugle;Martha GRIMES;;9782266118712;Pocket;02/01/2003;535
Mal de chien;Carl HIAASEN;;9782266119061;Pocket;07/05/2003;669
Les Enfants de la terre, tome 1 : Le Clan de l'ours des Cavernes;Jean Marie AUEL;;9782266122122;Pocket;01/04/2002;536
Les Enfants de la terre, tome 2 : la vallée des chevaux;Jean Marie AUEL;;9782266122139;Pocket;01/04/2002;699
Les Enfants de la terre, tome 3 : Les Chasseurs de mammouths;Jean Marie AUEL;;9782266122146;Pocket;10/06/2003;914
Les enfants de la terre, tome 4, volume 1 : Le Grand Voyage;Jean Marie AUEL;;9782266122153;Pocket;01/04/2002;536
Les enfants de la terre, tome 4, volume 2 : Le retour d'Ayla;Jean Marie AUEL;;9782266122160;Pocket;01/04/2002;150
P comme Péril;Sue GRAFTON;;9782266123198;Pocket;09/10/2003;535
La Fille de la photo;Denise CHONG;;9782266124331;Pocket;19/06/2003;541
L'Héritage de Clara;Françoise BOURDIN;;9782266124492;Pocket;19/02/2004;506
Ne le dis à personne;Harlan COBEN;;9782266125154;Pocket;08/04/2004;430
Les Enfants de la terre, tome 5 : Les Refuges de pierres, volume 1;Jean Marie AUEL;;9782266128872;Pocket;22/07/2004;510
Héritage dangereux;Chris LARSGAARD;;9782266129725;Pocket;28/06/2004;598
Le Talisman des territoires, tome 1;Stephen KING;;9782266130363;Pocket;19/05/2004;1140
Le Talisman des territoires, tome 2;Stephen KING;;9782266130370;Pocket;19/05/2004;789
Le Paravent de soie rouge;Paul COUTURIAU;;9782266130578;Pocket;06/05/2004;416
Le Club de la dernière chance;Marian KEYES;;9782266130608;Pocket;17/06/2004;608
L'Homme du soir;Mo HAYDER;;9782266131353;Pocket;09/10/2003;542
Une profonde affection;Frances FYFIELD;;9782266131360;Pocket;03/02/2004;400
Regard oblique;Dean KOONTZ;;9782266132046;Pocket;01/02/2004;816
La princesse oubliée;Laurent JOFFRIN;;9782266132183;Pocket;22/01/2004;443
Intime pulsion;Minette WALTERS;;9782266132954;Pocket;01/01/2004;507
Chaman;Jean BERTOLINO;;9782266133883;Pocket;07/10/2004;713
Le Disque de Jade, tome 1 : Les Chevaux célestes;José FRECHES;;9782266134590;Pocket;22/07/2004;634
Le Disque de Jade, tome 2 : Poisson d'or;José FRECHES;;9782266134606;Pocket;22/07/2004;572
Le Disque de Jade, tome 3 : Les Îles immortelles;José FRECHES;;9782266134613;Pocket;22/07/2004;504
Un ange sans pitié;Robert CRAIS;;9782266135047;Pocket;13/05/2004;466
L'Accordeur de piano;Daniel MASON;;9782266136105;Pocket;16/09/2004;406
Échec et mat;Stephen CARTER;;9782266139281;Pocket;07/04/2005;982
Le baiser de Caïn;John CONNOLLY;;9782266139298;Pocket;10/06/2004;473
Un homme sous influence;David BALDACCI;;9782266140171;Pocket;01/01/2004;760
La Simple vérité;David BALDACCI;;9782266141536;Pocket;15/12/2003;552
L'Engrenage;John GRISHAM;;9782266142083;Pocket;17/12/2003;376
Turbulences;Michael CRICHTON;;9782266142380;Pocket;20/01/2004;484
Le crime de Ben Queen;Martha GRIMES;;9782266142793;Pocket;01/09/2006;524
L'Impératrice de la soie, Tome 1 : Le Toit du monde;José FRECHES;;9782266144636;Pocket;01/03/2005;564
L'Impératrice de la soie, Tome 2 : Les yeux de Bouddha;José FRECHES;;9782266144643;Pocket;01/03/2005;505
L'Impératrice de la soie, Tome 3 : L'usurpatrice;José FRECHES;;9782266144650;Pocket;01/03/2005;485
La loi du plus faible;John GRISHAM;;9782266145428;Pocket;18/03/2005;381
Le Prince des Marées;Pat CONROY;;9782266147972;Pocket;01/01/2005;1069
Les Cinq Personnes Que J'ai Rencontrees La-haut;Mitch ALBOM;;9782266148023;Pocket;01/01/2006;223
Indigo blues;Robert CRAIS;;9782266148894;Pocket;30/06/2004;407
Le désert des tartares;Dino BUZZATI;;9782266149846;Le Livre de Poche;19/10/2004;268
La transaction;John GRISHAM;;9782266149945;Pocket;30/01/2006;470
Le Palais des plaisirs divins;Adam WILLIAMS;;9782266150279;Pocket;01/06/2006;956
Une chance de trop;Harlan COBEN;;9782266150293;Pocket;07/04/2005;471
Le huit;Katherine NEVILLE;;9782266158244;Pocket;01/01/2009;959
Juste Un Regard;Harlan COBEN;;9782266159722;Pocket;01/01/2006;483
Sans l'ombre d'un témoin;Elizabeth GEORGE;;9782266162982;Pocket;24/07/2006;919
Une histoire de fous;John KATZENBACH;;9782266167543;Pocket;12/03/2008;748
Le clandestin;John GRISHAM;;9782266168731;Pocket;09/01/2008;399
L'homme sans passé;Robert CRAIS;;9782266168816;Pocket;07/03/2007;405
Le dernier templier;Raymond KHOURY;;9782266171540;Pocket;16/04/2008;599
La guerre de l'opium;José FRECHES;;9782266174022;Pocket;22/05/2008;663
Entre nous soit dit;Cathy KELLY;;9782266175685;Pocket;17/09/2009;821
Deux minutes chrono;Robert CRAIS;;9782266177962;Pocket;10/04/2008;461
Les tribulations de Tiffany Trott;Isabel WOLFF;Dating (Social customs);9782266178068;Pocket;01/01/2008;473
Meurtres pour rédemption;Karine GIEBEL;Fiction;9782266180740;Pocket;10/03/2011;719
Le Seigneur de Bombay;Vikram CHANDRA;;9782266181785;Pocket;01/01/2009;1265
L'apocalypse selon Marie;Patrick GRAHAM;;9782266184298;Pocket;14/01/2010;693
La cathédrale de la mer;Ildefonso FALCONES;;9782266186575;Pocket;18/06/2009;819
Les vacances de Rachel;Marian KEYES;;9782266188722;Pocket;08/01/2009;563
L'homme qui voulait vivre sa vie;Douglas KENNEDY;;9782266194600;Pocket;21/10/2010;496
Sans un mot;Harlan COBEN;;9782266198691;Pocket;04/03/2010;471
Au pays de Dieu;Douglas KENNEDY;;9782266199186;Pocket;21/10/2010;340
la femme du Ve;Douglas KENNEDY;;9782266199193;Pocket;01/01/2010;408
La poursuite du bonheur;Douglas KENNEDY;;9782266199209;Pocket;21/10/2010;773
Les charmes discrets de la vie conjugale;Douglas KENNEDY;;9782266199216;Pocket;02/12/2009;599
Les désarrois de Ned Allen;Douglas KENNEDY;;9782266199223;Pocket;30/07/2010;528
Rien ne va plus;Douglas KENNEDY;;9782266199230;Pocket;21/10/2010;442
Une relation dangereuse;Douglas KENNEDY;;9782266199247;Pocket;21/10/2010;533
Quitter le monde;Douglas KENNEDY;;9782266199964;Pocket;01/01/2010;693
À quoi rêvent les loups;Yasmina KHADRA;;9782266200868;Pocket;04/11/2009;274
L.A. requiem;Robert CRAIS;;9782266202831;Pocket;22/07/2010;539
La Pierre Noire ;Robyn YOUNG;Fiction;9782266202848;Pocket;01/03/2010;887
Feu de glace;Nicci FRENCH;;9782266204620;Pocket;13/04/2010;467
La dernière récolte;John GRISHAM;;9782266204804;Pocket;01/04/2010;455
Les agneaux du Seigneur;Yasmina KHADRA;;9782266204910;Pocket;07/07/2010;214
L'écrivain;Yasmina KHADRA;;9782266204927;Pocket;19/02/2011;285
Les sirènes de Bagdad;Yasmina KHADRA;;9782266204989;Pocket;08/01/2011;317
Anatomie d'un crime;Elizabeth GEORGE;;9782266206549;Pocket;04/02/2011;763
Le lieu du crime;Elizabeth GEORGE;;9782266206570;Pocket;08/04/2010;478
Le meurtre de la falaise;Elizabeth GEORGE;;9782266206587;Pocket;11/08/2010;888
Le rouge du péché;Elizabeth GEORGE;;9782266206594;Pocket;21/04/2010;790
Mal d'enfant;Elizabeth GEORGE;;9782266206617;Pocket;03/04/2010;543
Pour solde de tout compte;Elizabeth GEORGE;;9782266206648;Pocket;27/01/2011;526
Un nid de mensonges;Elizabeth GEORGE;;9782266206662;Pocket;20/08/2010;817
Une patience d'ange;Elizabeth GEORGE;;9782266206693;Pocket;21/04/2010;753
Balle de match;Harlan COBEN;;9782266207621;Pocket;01/09/2011;405
Innocent;Harlan COBEN;;9782266207676;Pocket;01/09/2011;517
Rupture de contrat;Harlan COBEN;;9782266207720;Pocket;01/09/2011;348
La méthode simple pour en finir avec la cigarette;Allen CARR;;9782266211222;44531;26/01/2012;250
Le syndrome E;Franck THILLIEZ;;9782266211727;Pocket;13/10/2011;512
Le Palais de minuit;Carlos RUIZ ZAFÓN;;9782266212557;Pocket;06/03/2014;285
En attendant la montée des eaux;Maryse CONDE;;9782266212724;Pocket;07/03/2013;314
Le cortège de la mort;Elizabeth GEORGE;;9782266215213;Pocket;10/11/2011;1016
Sans un adieu;Harlan COBEN;;9782266216647;Pocket;15/09/2011;576
Suicide cellulaire;David MOITET;;9782266216876;Pocket;01/01/2013;347
La fille sauvage;Jim FERGUS;;9782266217453;Pocket;05/05/2011;460
Le Passage;Justin CRONIN;;9782266218573;Pocket;07/03/2013;1265
Les dieux voyagent toujours incognito;Laurent GOUNELLE;French fiction;9782266219150;Pocket;01/01/2012;474
Peur noire;Harlan COBEN;;9782266219686;Pocket;01/09/2011;413
Nos désirs et nos peurs;Wulf DORN;;9782266221290;Pocket;23/06/2015;501
Les révoltés de Cordoue;Ildefonso FALCONES;;9782266221436;Pocket;07/06/2012;1085
Nymphéas noirs;Michel BUSSI;;9782266222372;Pocket;05/09/2013;492
Le harcèlement moral;Marie-France HIRIGOYEN;;9782266222778;Pocket;02/12/2011;251
Espaces sauvages;Jim FERGUS;;9782266222921;Pocket;03/10/2013;512
Les cygnes sauvages;Jung CHANG;;9782266227032;Pocket;05/11/2011;634
Cet instant-là;Douglas KENNEDY;;9782266227384;Pocket;03/01/2013;250
L'équation africaine;Yasmina KHADRA;;9782266229340;Pocket;06/09/2012;352
Collines noires;Dan SIMMONS;;9782266229739;Pocket;16/10/2014;800
Le visage de l'ennemi;Elizabeth GEORGE;;9782266233750;Pocket;05/07/2012;
A deux pas de la mort;Peter JAMES;;9782266234122;Pocket;14/03/2013;695
Point Zéro;Antoine TRACQUI;;9782266235341;Pocket;14/01/2016;1152
A découvert;Harlan COBEN;;9782266239448;Pocket;05/09/2013;320
AtomKa;Franck THILLIEZ;;9782266239455;Pocket;03/10/2013;605
Disparu à jamais;Harlan COBEN;;9782266240802;Pocket;19/03/2013;466
Le Cercle;Bernard MINIER;;9782266242806;Pocket;14/11/2013;789
Ne lâche pas ma main;Michel BUSSI;;9782266244381;Pocket;26/04/2014;439
Cinq jours;Douglas KENNEDY;;9782266244596;Pocket;02/10/2014;440
Bloody Miami;Tom WOLFE;;9782266244831;Pocket;06/03/2014;819
Ne t'éloigne pas;Harlan COBEN;;9782266245395;Pocket;06/03/2014;442
Micro;Richard PRESTON;;9782266245449;Pocket;09/01/2014;538
2. Theodore Boone : L'enlèvement;John GRISHAM;;9782266245883;Pocket;07/11/2013;219
La Part de l'aube;Eric MARCHAL;;9782266245975;Pocket;02/10/2014;928
L'Ange des ténèbres;Caleb CARR;;9782266246125;Pocket;14/08/2013;729
Les Douze Enfants de Paris;Tim WILLOCKS;;9782266246477;Pocket;05/03/2015;1053
L'analphabète qui savait compter;Jonas JONASSON;;9782266248983;Pocket;06/11/2014;480
La Femme à 1000°;Hallgrimur HELGASON;;9782266250726;Pocket;05/02/2015;778
Le Chardonneret;Donna TARTT;;9782266250764;Pocket;02/01/2015;1101
Deux secondes de trop;Rachel JOYCE;;9782266254717;Pocket;05/03/2015;480
N'éteins pas la lumière;Bernard MINIER;;9782266255103;Pocket;12/02/2015;704
Central Park;Guillaume MUSSO;;9782266258487;Pocket;26/03/2015;443
Saratoga Woods;Elizabeth GEORGE;;9782266260169;Pocket;09/09/2015;456
L'île de Nera;Elizabeth GEORGE;;9782266260176;Pocket;08/10/2015;480
Angor;Franck THILLIEZ;;9782266262316;Pocket;08/10/2015;640
Une putain d'histoire;Bernard MINIER;;9782266267779;Pocket;12/05/2016;600
Un(e) secte;Maxime CHATTAM;;9782266269117;Pocket;04/02/2021;
Les aventures de Séraphim, prophète moldave oublié des dieux;Vladimir LORTCHENKOV;;9782266269155;Pocket;06/10/2016;408
Pandemia;Franck THILLIEZ;;9782266270304;Pocket;26/05/2016;696
Surtensions;Olivier NOREK;Fiction;9782266270809;Pocket;31/03/2016;361
Le gang des rêves;Luca DI FULVIO;Fiction;9782266272438;Pocket;05/07/2016;720
Le soleil des rebelles;Luca DI FULVIO;Fiction;9782266272452;Pocket;05/04/2018;640
De force;Karine GIEBEL;Fiction;9782266272988;Pocket;03/03/2016;361
Ragdoll;Daniel COLE;;9782266276573;Pocket;09/03/2017;460
Sharko;Franck THILLIEZ;;9782266286459;Pocket;01/05/2018;
La symphonie du hasard;Douglas KENNEDY;;9782266286725;Pocket;11/10/2018;403
Les Déracinés;Catherine BARDON;Fiction;9782266287302;Pocket;03/05/2018;615
L'Olympe des infortunes;Yasmina KHADRA;Fiction;9782266287333;Pocket;30/09/2010;133
Surface;Olivier NOREK;Fiction;9782266287999;Pocket;04/04/2019;297
Rien de plus grand;Malin PERSSON GIOLITO;;9782266290807;Pocket;14/01/2019;528
Les prisonniers de la liberté;Luca DI FULVIO;;9782266291200;Pocket;12/09/2019;653
Complot;Nicolas BEUGLET;Fiction;9782266291224;Pocket;16/05/2018;496
Le Vieux qui voulait sauver le monde;Jonas JONASSON;Fiction;9782266291859;Pocket;11/10/2018;365
Toutes blessent, la dernière tue;Karine GIEBEL;Fiction;9782266291903;Pocket;29/03/2018;564
Le Manuscrit inachevé;Franck THILLIEZ;Fiction;9782266293006;Pocket;03/05/2018;441
Les Amazones;Jim FERGUS;Fiction;9782266298278;;19/09/2019;313
Il est à toi ce beau pays;Jennifer RICHARD;Fiction;9782266299640;Pocket;01/03/2018;756
La punition qu'elle mérite;Elizabeth GEORGE;Fiction;9782266299879;Pocket;07/03/2019;548
L'étoile du nord;D. B. JOHN;;9782266300356;Pocket;09/01/2019;611
Sodoma;Frédéric MARTEL;Generals;9782266300490;Pocket;21/02/2019;599
M, le bord de l'abîme;Bernard MINIER;Fiction;9782266306560;Pocket;21/03/2019;576
Luca;Franck THILLIEZ;Fiction;9782266306911;Pocket;02/05/2019;483
L' Illusion;Maxime CHATTAM;Fiction;9782266311267;Pocket;02/11/2020;464
La Terre maudite;Juan Francisco FERRÁNDIZ;Fiction;9782266312783;Pocket;28/05/2020;644
Le Loup des Cordeliers;Henri LOEVENBRUCK;Fiction;9782266313575;Pocket;24/10/2019;560
La vallée;Bernard MINIER;Fiction;9782266315470;Pocket;20/05/2020;450
Il était deux fois;Franck THILLIEZ;Fiction;9782266316026;Pocket;04/06/2020;469
Douce, douce vengeance;Jonas JONASSON;Literary Collections;9782266316323;Pocket;07/10/2021;339
Impact;Olivier NOREK;Fiction;9782266316422;Pocket;22/10/2020;238
L'Exil des anges;Gilles LEGARDINIER;;9782266316507;Pocket;04/11/2021;736
Lëd;Caryl FEREY;Fiction;9782266320054;Pocket;14/01/2021;380
Shuggie Bain;Douglas STUART;Fiction;9782266323543;Pocket;11/02/2020;430
Mamma Roma;Luca DI FULVIO;Literary Collections;9782266327459;Pocket;09/02/2023;841
Là où le crépuscule s'unit à l'aube;Marina DEDEYAN;Literary Collections;9782266330169;Pocket;27/01/2022;510
Dans les brumes de Capelans;Olivier NOREK;Fiction;9782266332132;Pocket;07/04/2022;391
Labyrinthes;Franck THILLIEZ;Fiction;9782266332576;Pocket;05/05/2022;330
Les hommes ont peur de la lumière;Douglas KENNEDY;Literary Collections;9782266336581;Pocket;05/05/2022;214
Ripley Bogle;Robert McLIAM WILSON;;9782267013740;43374;01/01/1996;462
Le roi vert;Paul-Loup SULITZER;Fiction;9782268083797;Stock;17/10/2013;400
Cash !;Paul-Loup SULITZER;Fiction;9782268094090;Le Livre de Poche;12/05/2017;464
"La Communaute Du Sud T. 1; Quand Le Danger Rode";Charlaine HARRIS;;9782277007357;J'ai lu;01/01/2012;
Carrie;Stephen KING;;9782277118350;J'ai lu;04/01/1999;253
Differentes saisons;Stephen KING;;9782277224341;J'ai Lu;01/01/1988;635
Le souffle du temps;Jeffrey ARCHER;;9782277240587;J'ai Lu;01/01/1999;695
L'enfance d'iznogoud;René GOSCINNY;;9782277330097;J'ai lu;21/03/2001;
Les Luminaires;Eleanor CATTON;Fiction;9782283028636;Folio;02/01/2015;962
La consolante;Anna GAVALDA;;9782290014288;J'ai lu;02/05/2010;640
Beijing coma;Ma JIAN;;9782290017425;J'ai lu;11/06/2009;894
Les déferlantes;Claudie GALLAY;;9782290024874;J'ai lu;01/01/2010;480
L'enfant au chat;Torey HAYDEN;;9782290031766;J'ai lu;03/12/2010;595
Les voisins d'à côté;Linwood BARCLAY;;9782290032565;J'ai lu;28/01/2012;544
La petite fille du réverbère;Calixthe BEYALA;;9782290053294;J'ai lu;30/09/1999;221
Rose Madder;Stephen KING;;9782290053416;J'ai Lu;28/10/1999;601
La tour : Histoire en provenance d'une terre engloutie;Uwe TELLKAMP;;9782290068540;J'ai lu;24/08/2013;1343
Chemins de poussière rouge;Ma JIAN;;9782290075739;J'ai lu;27/08/2014;478
Bridget Jones : L'âge de raison;Helen FIELDING;;9782290077269;J'ai lu;05/10/2013;410
Chemins de poussière rouge;Jian MA;Fiction;9782290098349;L'Aube;;480
Ne crains pas la Faucheuse;Alexis AUBENQUE;;9782290104996;J'ai Lu;24/06/2015;413
Tieta d'Agreste : Gardienne de chèvres ou le retour de la fille prodigue, mélodramatique feuilleton en cinq épisodes sensationnels et un surprenant épilogue : émotion et suspense !;Jorge AMADO;;9782290108000;J'ai lu;25/03/2015;854
La route sombre;Ma JIAN;;9782290117736;J'ai Lu;26/08/2015;544
La fille dans le rétroviseur;Linwood BARCLAY;Fiction;9782290141229;J'ai Lu;07/04/2016;398
L'Errante;Valeria MONTALDI;Fiction;9782290154434;J'ai Lu;;443
L'Art de perdre;Alice ZENITER;Fiction;9782290155158;J'ai Lu;;511
Quand sort la recluse;Fred VARGAS;;9782290156063;J'ai Lu;01/06/2018;
La mémoire du thé;Lisa SEE;Fiction;9782290172148;J'ai Lu;;397
Faux amis;Linwood BARCLAY;Fiction;9782290208038;J'ai Lu;06/09/2018;383
Personne n'a peur des gens qui sourient;Véronique OVALDE;Fiction;9782290216958;J'ai Lu;;272
Champ de tir;Linwood BARCLAY;Fiction;9782290251751;J'ai Lu;19/03/2020;393
Dans la gueule de l'ours;James A. McLAUGHLIN;;9782290252567;J'ai Lu;20/10/2021;410
Elle a menti pour les ailes;Francesca SERRA;Fiction;9782290252956;J'ai Lu;22/09/2021;450
Une chance sur un milliard;Gilles LEGARDINIER;;9782290257609;J'ai Lu;15/10/2021;
La Face cachée du clan Kennedy. Une enquête explosive : la fin d'un mythe ?;Seymour HERSH;;9782290301029;J'ai lu;01/01/2000;411
La Ligne Verte;Stephen KING;;9782290301869;J'ai Lu;03/07/2000;507
De toute urgence;Lorraine FOUCHET;;9782290306871;J'ai lu;24/08/2000;378
Cause céleb';Helen FIELDING;;9782290309308;J'ai lu;02/11/2004;414
Au temps où la Joconde parlait;Jean DIWO;;9782290309766;J'ai Lu;18/12/2000;506
"Mon coeur ping-pong""""";Jane GREEN;;9782290311905;J'ai lu;30/09/2001;414
Les Fables de l'Humpur;Pierre BORDAGE;;9782290319147;J'ai lu;31/05/2002;476
L'Hippopotame;Stephen FRY;;9782290319758;J'ai lu;31/07/2002;381
Les forbans de Cuba;Dan SIMMONS;;9782290322826;J'ai Lu;31/12/2002;702
Gorilles orphelins;Despina CHRONOPOULOS;;9782290323748;J'ai lu;01/01/2003;509
Le moins que rien;Dave PELZER;;9782290324356;J'ai Lu;01/01/2003;155
L'île du Dr Mallo;Stephen FRY;;9782290329955;J'ai lu;01/02/2004;412
Les désenchantés;Sebastian Faulks;;9782290331965;J'ai Lu;02/07/2004;446
L'affaire Gideon;Russell ANDREWS;;9782290337004;J'ai lu;08/10/2004;506
Le choix des Morrison;Mary LAWSON;;9782290337028;J'ai lu;03/09/2004;317
Course à mort;Iris JOHANSEN;;9782290337448;J'ai Lu;17/11/2004;378
Les Hommes de Paille;Michael MARSHALL;Serial murderers;9782290339978;J'ai Lu;01/01/2004;408
Ensemble, C'est Tout;Anna GAVALDA;;9782290343715;J'ai Lu;01/01/2005;573
Le Zahir;Paulo COELHO;;9782290353134;J'ai Lu;21/04/2006;288
Le chant du bison;Antonio PEREZ HENARES;Fiction;9782290362860;;21/01/2021;398
Mardi soir, 19h;Gilles LEGARDINIER;Fiction;9782290370889;J'ai Lu;;420
Lieutenant Eve Dallas (Tome 54) - Les cicatrices du crime;Nora ROBERTS;Fiction;9782290375112;J'ai Lu;;343
Personne n'y échappera;Romain SARDOU;;9782298003215;Pocket;01/01/2007;432
Un amour;Dino BUZZATI;;9782298028928;Le Livre de Poche;;327
Le secret des glaces;Philip CARTER;;9782298048513;France-Loisirs;01/11/2011;
Pardonnez nos offenses;Romain SARDOU;;9782298110968;Pocket;01/01/2016;494
L'Île des chasseurs d'oiseaux;Peter MAY;Fiction;9782330001339;Babel;;373
La Fille sans qualités;Juli ZEH;Fiction;9782330003227;Babel;;465
La couleur des sentiments;Kathryn STOCKETT;Fiction;9782330005085;Babel;;529
La Théorie du Chien Perché;Marie-Sabine ROGER;;9782330014445;Babel;09/01/2013;114
La Tristesse du Samouraï;Victor Del ARBOL;Fiction;9782330015145;Babel;;350
Le Voyage de Luca;Jean-Luc OUTERS;Fiction;9782330017828;Babel;;240
Les hamacs de carton;Colin NIEL;Fiction;9782330019709;Babel;;285
Confiteor;Jaume CABRE;;9782330024697;Babel;;920
L'enfant allemand;Camilla LACKBERG;Fiction;9782330037383;Babel;;455
Toutes les vagues de l'océan;Victor Del ARBOL;Fiction;9782330047672;Babel;;604
Ce qui reste en forêt;Colin NIEL;Fiction;9782330051143;Babel;;385
Le gardien de phare;Camilla LACKBERG;;9782330064457;Actes Sud;11/05/2016;560
La Captive aux yeux clairs;Alfred Bertram GUTHRIE;Fiction;9782330064525;Babel;;484
Révélation brutale;Louise PENNY;;9782330064556;Babel;02/06/2016;608
Les fugueurs de Glasgow;Peter MAY;Fiction;9782330086206;Babel;;334
Le Dompteur de lions;Camilla LACKBERG;Fiction;9782330109585;Babel;;450
Les disparus du phare;Peter MAY;Fiction;9782330117085;Babel;;320
La sorcière;Camilla LACKBERG;Fiction;9782330119973;Babel;;704
Mille petits riens;Jodi PICOULT;Fiction;9782330124298;Babel;;592
Le beau mystère;Louise PENNY;Fiction;9782330129873;Babel;;448
La chronique de Tallinn;Indrek HARGLA;Fiction;9782330134242;Babel;;432
Mi amigo;William Riley Burnett;;9782330135157;Babel;27/05/2020;285
Je te protégerai;Peter MAY;Policier;9782330135638;Babel;24/10/2020;
Patria;Fernando ARAMBURU;Fiction;9782330135720;Babel;;624
Le Grand Nord-Ouest;Anne-Marie GARAT;Fiction;9782330139162;Babel;;320
Sur le ciel effondré;Colin NIEL;;9782330143251;Babel;22/12/2020;553
Par-delà la pluie;Victor Del ARBOL;Fiction;9782330146771;Babel;;448
La fille qui devait mourir : roman;David LAGERCRANTZ;;9782330149987;Babel;22/08/2019;380
Indécence manifeste;David LAGERCRANTZ;;9782330150075;Babel;01/01/2021;399
La cage dorée;Camilla LACKBERG;Fiction;9782330155940;Babel;;345
Celui qui n'était pas un meurtrier;HJORTH et ROSENFELDT;Fiction;9782330162757;Babel;;576
Rendez-vous à Gibraltar;Peter MAY;Fiction;9782330165321;Babel;;379
Le banquet annuel de la confrérie des fossoyeurs;Mathias ENARD;;9782330165338;Babel;07/10/2020;427
La Valse des tulipes;Ibon MARTIN;Fiction;9782330165796;Babel;;479
Le nouveau;Keigo HIGASHINO;Policier;9782330176440;Babel;05/04/2023;0
La petite fille qui en savait trop;Peter MAY;Policier;9782330179007;Babel;;460
Betty;Tiffany McDANIEL;;9782351788387;Gallmeister;01/01/2020;716
Le chant des secrets (Roman étranger t. 165);Tamara McKINLEY;;9782352872085;Archipoche;06/04/2011;500
LE PAYS DU NUAGE BLANC ;Sarah LARK;;9782352878223;Archipoche;02/12/2015;770
Le livre sans nom;ANONYME;Fiction;9782355840753;Le Livre de Poche;30/09/2010;376
La Religion;Tim WILLOCKS;Fiction;9782355841620;Pocket;31/05/2012;715
Au-delà du mal;Shane STEVENS;Fiction;9782355842177;Pocket;21/02/2013;616
Un coeur sombre;R. J. ELLORY;Fiction;9782355845000;Le Livre de Poche;01/10/2016;384
Les enfants de la liberté;Marc LEVY;Fiction;9782361320119;Pocket;;260
L'Homme invisible;H.G WELLS;Body, Mind & Spirit;9782369550754;43374;02/01/2017;
A l'ombre de l'arbre Kauri;Sarah LARK;;9782377351565;Archipoche;06/06/2018;734
Double miroir;Jonathan KELLERMAN;Fiction;9782377353316;Archipoche;21/08/2019;426
La malédiction du roi;Philippa GREGORY;Fiction;9782377359554;Archipoche;01/10/2015;469
L'espace d'une vie;Barbara TAYLOR BRADFORD;;9782377359912;Archipoche;03/06/2010;640
Ne t'arrête pas de courir;Mathieu PALAIN;Literary Collections;9782378802431;Proche;19/08/2021;261
Seule en sa demeure;Cécile COULON;Literary Collections;9782378802455;Proche;19/08/2021;228
L'Été d'une reine;Elizabeth CHADWICK;Fiction;9782381221830;Haute ville;01/10/2021;672
Le Code Rose;Kate QUINN;Fiction;9782381225036;Haute ville;04/10/2023;615
La femme qui avait perdu son âme;Bob SHACOCHIS;Fiction;9782404001210;Gallmeister;;800
La Marche du mort;Larry McMURTRY;Fiction;9782404004334;Gallmeister;;512
Cible mouvante;Ross MACDONALD;Fiction;9782404004730;43374;;288
Les Vivants et les Morts - Prix RTL/LIRE 2005;Gérard MORDILLAT;Fiction;9782702145517;Le Livre de Poche;12/01/2005;660
Brunetti entre les lignes;Donna LEON;Fiction;9782702156827;Points;17/02/2016;306
En eaux dangereuses;Donna LEON;Fiction;9782702182970;Points;15/09/2021;324
Le Boiteux fantôme;rae FOLEY;;9782702400326;Editions du Masque;01/01/1974;188
Mrs McGinty est morte ;Agatha CHRISTIE;Fiction;9782702400593;Club des masques;;254
La madone noire;Michel GRISOLIA;;9782702417225;Editions du Masque;23/04/1986;155
Armés et dangereux;Serge BRUSSOLO;;9782702424247;Editions du Masque;18/11/1993;188
Le chien de minuit;Serge BRUSSOLO;;9782702424742;Editions du Masque;01/01/2000;189
La souffrance des autres;Val McDERMID;;9782702433676;J'ai Lu;01/01/2006;382
L'homme au complet marron;Agatha CHRISTIE;;9782702439678;Club des masques;;
La Dame de Zagreb;Philip KERR;Fiction;9782702445280;Le Livre de Poche;13/01/2016;460
L'assassin des ruines;Cay RADEMACHER;Fiction;9782702448847;Editions du Masque;08/02/2017;336
La Compagnie;Robert LITTEL;;9782702884980;Points;01/01/2003;904
Une amitié absolue;John LE CARRE;;9782702890882;Points;22/04/2004;384
Histoires de la nuit;Laurent MAUVIGNIER;Fiction;9782707347268;Les Editions de Minuit;;585
Le Shangaïe;André LE GAL;;9782709604888;Le Livre de Poche;01/03/1986;416
Imprimatur;Rita MONALDI;Plague;9782709623810;Pocket;01/01/2002;644
La Fortune d'Alexandrie;Gerald MESSADIE;Fiction;9782709640725;Le Livre de Poche;13/03/1996;430
Labyrinthe;Kate MOSSE;Fiction;9782709643085;Le Livre de Poche;17/05/2006;597
Sépulcre;Kate MOSSE;Fiction;9782709643092;Le Livre de Poche;11/06/2008;634
L'informateur;John GRISHAM;Fiction;9782709655781;Le Livre de Poche;05/04/2017;520
Un homme presque parfait : roman;Richard RUSSO;;9782710306948;43374;01/12/1995;581
SOIGNER L' AUTRE. L'éthique, l'hôpital et les exclus;Emmanuel HIRSCH;;9782714435484;Belfond;09/10/1997;235
Kolyma;Tom Rob SMITH;Fiction;9782714447692;Points;18/02/2010;390
Le Songe de Scipion;Iain PEARS;Fiction;9782714448293;Pocket;12/08/2010;386
Le Cercle de la croix;Iain PEARS;Fiction;9782714448309;Pocket;12/08/2010;756
Kafka sur le rivage;Haruki MURAKAMI;Fiction;9782714452207;43374;25/08/2011;512
Les Larmes du diable;C.J. SANSOM;Fiction;9782714452917;Pocket;01/12/2011;513
Il faut qu'on parle de Kevin;Lionel SHRIVER;Fiction;9782714453228;J'ai Lu;09/02/2012;489
Et que le vaste monde poursuive sa course folle;Colum McCANN;Fiction;9782714457080;43374;22/08/2013;332
Intimidation;Harlan COBEN;Fiction;9782714458117;Pocket;01/10/2016;291
La reine des pluies;Katherine SCHOLES;Fiction;9782714458124;Pocket;06/02/2014;424
Mirage;Douglas KENNEDY;Fiction;9782714459930;Pocket;07/05/2015;330
Mélodie du temps ordinaire;Mary McGARRY MORRIS;Fiction;9782714460196;Pocket;02/07/2015;725
Enfant 44;Tom Rob SMITH;Fiction;9782714468918;Pocket;02/04/2015;403
Gros-Câlin;Romain GARY;;9782715226524;Editions du Mercure de France;12/04/2013;288
La Dame du Nil;Pauline GEDGE;;9782715802537;Balland;01/01/1980;403
Un Anglais sous les tropiques;William BOYD;;9782715804517;Balland;01/06/1988;404
Irlande, le pays des nègres roux;Michel PERRAUDEAU;History;9782718800141;Le Cercle d'or;01/01/1974;138
La croix de ma mère;Gaston BONHEUR;;9782724200676;France-Loisirs;01/01/1977;314
Le loup-cervier;Guy CROUSSY;;9782724200812;France-Loisirs;01/01/1977;
Les frères whiteoak;Mazo DE LA ROCHE;;9782724201208;Le Livre de Poche;01/01/1968;
Les Sabots De La Liberte;Michelle CLEMENT-MAINARD;;9782724246360;Le Livre de Poche;01/01/1989;
Mourir Pour Jérusalem;Jean LARTEGUY;;9782724296655;Le Livre de Poche;01/01/1996;429
Chute libre;Albert CRÉMIEUX;;9782730400497;Nouvelles Éditions Oswald (NÉO);01/01/1980;182
Lumière noire;Minette WALTERS;;9782738210791;Pocket;01/01/1998;442
Mr Vertigo;Paul AUSTER;;9782742705726;Actes Sud;25/08/1995;400
American darling;Russell BANKS;;9782742765157;Actes Sud;03/01/2007;570
Le maître des carrefours;Madison SMARTT BELL;;9782742768400;Babel;01/01/2007;1125
Dans la main du diable;Anne-Marie GARAT;;9782742769315;Actes Sud;28/09/2007;1287
Objets trouvés : Une enquête de l'inspecteur Espinosa;Luiz Alfredo GARCIA-ROZA;;9782742783779;Actes Sud;01/06/2009;301
Ma femme de ta vie;Carla GUELFELBEIN;;9782742783793;Actes Sud;01/06/2009;297
Une Saison pour la peur;James Lee BURKE;;9782743600358;Rivages;01/03/1996;448
AMERICAN TABLOID.;James ELLROY;;9782743602673;Rivages;01/01/2001;800
Moo;Jane SMILEY;;9782743604912;Rivages;01/01/1999;482
Étoiles cannibales;Claude AMOZ;;9782743611682;Rivages;03/10/2003;272
Le Vent qui gémit;Tony HILLERMAN;;9782743615154;Rivages;01/03/2006;276
Prières pour la pluie;Dennis LEHANE;;9782743615611;Rivages;07/06/2006;477
Le Dahlia Noir;James ELLROY;;9782743615871;Rivages;18/10/2006;504
Un pays à l'aube;Dennis LEHANE;;9782743621308;Rivages;01/09/2010;864
Un Dernier verre avant la guerre;Dennis LEHANE;Fiction;9782743624729;Rivages/noir;;368
Ténèbres, prenez-moi la main;Dennis LEHANE;Fiction;9782743624736;Rivages/noir;;498
Sacré;Dennis LEHANE;Fiction;9782743624743;Rivages/noir;;416
Mystic River;Dennis LEHANE;Fiction;9782743624750;Rivages/noir;;592
Gone, baby, gone;Dennis LEHANE;Fiction;9782743624767;Rivages/noir;;560
Shutter island;Dennis LEHANE;Fiction;9782743624774;;;400
Coronado;Dennis LEHANE;Fiction;9782743624798;Rivages/noir;;256
Pensées secrètes;David LODGE;Fiction;9782743627973;Rivages;;462
Thérapie;David LODGE;Fiction;9782743628031;Rivages;;497
Perfidia;James ELLROY;Fiction;9782743633103;Rivages/noir;;848
Pierre qui roule;Donald WESTLAKE;Fiction;9782743634759;Rivages/noir;;302
Dégâts des eaux;Donald WESTLAKE;Fiction;9782743634957;Rivages/noir;;622
Lumière du monde;James Lee BURKE;Fiction;9782743635138;Rivages/noir;;669
Personne n'est parfait;Donald WESTLAKE;Fiction;9782743635572;Rivages/noir;;352
Killarney Blues;Colin O'SULLIVAN;Fiction;9782743645885;Rivages/noir;;272
Lune sanglante;James ELLROY;Fiction;9782743650667;Rivages/noir;;368
La tempête qui vient;James ELLROY;Fiction;9782743656508;Rivages/noir;;699
Malins plaisirs;Christine ARNOTHY;;9782744128035;Pocket;04/02/1999;382
Apocalypse sur commande;Ken FOLLETT;;9782744133923;Le Livre de Poche;01/11/2000;480
C'est comment l'Amérique ?;Frank McCOURT;;9782744140563;Pocket;01/01/2000;394
Ne tirez pas sur l'oiseau moqueur : [roman];Lee Harper;;9782744185618;Le Livre de Poche;01/01/2005;418
Les morts solitaires;Michael MARSHALL;Serial murder investigation;9782749901213;J'ai Lu;01/01/2004;349
Les vents mauvais;Michael MARSHALL;;9782749911984;J'ai lu;25/03/2010;361
Entre deux mondes;Olivier NOREK;Fiction;9782749935072;Pocket;05/10/2017;281
La Dame en blanc;William Wilkie COLLINS;;9782752905666;Libretto;04/01/2011;
Desperados;Joseph O'CONNOR;Fiction;9782752906809;Libretto;24/05/2012;480
La dernière note;Jonathan KELLERMAN;;9782757800089;Points;08/06/2006;523
Un loup est un loup;Michel FOLCO;;9782757802663;Points;08/02/2007;631
Dissimulation de preuves;Donna LEON;Fiction;9782757802786;Points;01/01/2008;296
Romanzo criminale;Giancarlo DE CATALDO;;9782757803127;Points;26/04/2007;731
Pour la plus grande gloire de Dieu;Morgan SPORTES;Fiction;9782757806210;Points;01/01/2007;735
La vie aux aguets;William BOYD;;9782757807101;Points;07/02/2008;396
Classe à part;Joanne HARRIS;;9782757809358;Points;13/11/2008;539
Requiem pour une cité de verre;Donna LEON;Fiction;9782757811139;;01/01/2009;338
Cantique Des Innocents(le);Donna LEON;Fiction;9782757811146;;01/01/2011;352
L'état des lieux;Richard FORD;;9782757814710;Points;20/08/2009;800
Netherland;Joseph O'NEILL;Fiction;9782757819425;Points;01/01/2010;335
La vaine attente;Nadeem ASLAM;;9782757819494;Points;26/08/2010;475
Le Sari Rose;Javier MORO;Fiction;9782757820872;Points;01/01/2011;762
Orages ordinaires;William BOYD;;9782757822746;Points;07/04/2011;497
Hypothermie : Une enquête du commissaire Erlendur Sveinsson;Arnaldur INDRIDASON;;9782757822814;Points;19/05/2011;319
13 heures;Deon MEYER;Fiction;9782757823040;Points;01/01/2011;565
La petite fille de ses rêves;Donna LEON;;9782757826492;Points;01/01/2012;325
Dernière nuit à Twisted River;John IRVING;;9782757826591;Points;03/05/2012;679
Brunetti et le mauvais augure;Donna LEON;;9782757829615;Points;02/01/2014;330
Dans la grande nuit des temps;Antonio Muñoz Molina;;9782757832226;Points;17/05/2013;1005
Kobra;Deon MEYER;;9782757833575;Points;05/11/2015;493
A la trace;Deon MEYER;;9782757833834;Points;08/05/2013;733
La muraille de lave;Arnaldur INDRIDASON;;9782757833841;Points;02/05/2013;401
Demain à Santa Cecilia;María DUEÑAS;;9782757834756;Points;15/05/2015;500
L'espionne de Tanger;María DUEÑAS;;9782757834763;Points;13/06/2013;686
Los Angeles River;Michael CONNELLY;;9782757834855;Points;06/06/2013;395
Les corrections;Jonathan FRANZEN;;9782757835692;Points;16/07/2013;693
L'empereur aux mille conquêtes;Javier MORO;;9782757836767;Points;21/05/2015;733
La course au mouton sauvage;Haruki MURAKAMI;Fiction;9782757837030;Points;02/11/2013;373
Mudwoman;Joyce Carol OATES;;9782757840634;Points;02/10/2014;576
Terminus Belz;Emmanuel GRAND;;9782757842812;Points;08/01/2015;395
Etranges rivages;Arnaldur INDRIDASON;;9782757843024;Points;02/05/2014;354
Terminus radieux;Antoine VOLODINE;;9782757854709;Points;20/08/2015;560
Ciel d'acier;Michel MOUTOT;;9782757859711;Points;14/04/2016;440
De si jolis chevaux;Cormac McCARTHY;;9782757862629;Points;01/09/2016;398
Snjor;Ragnar JONASSON;;9782757863787;Points;09/03/2017;346
Un livre de martyrs américains;Joyce Carol OATES;;9782757866917;Points;09/12/2020;
La griffe du chien;Don WINSLOW;;9782757867587;Points;09/03/2017;826
Soledad;María DUEÑAS;Fiction;9782757869956;;04/05/2017;491
Les pièges de l'exil;Philip KERR;Fiction;9782757871300;;;
Les Jours enfuis;Jay MCINERNEY;Fiction;9782757871324;Points;;493
Les Disparus de la lagune;Donna LEON;Fiction;9782757873090;Points;12/09/2018;360
Passage des Ombres;Arnaldur INDRIDASON;Fiction;9782757875018;Points;;
Phénomènes naturels;Jonathan FRANZEN;Literary Collections;9782757875193;Points;;685
Qaanaaq;Mo MALO;Policier;9782757875704;Points;03/10/2020;
Falco;Arturo PEREZ-REVERTE;;9782757875773;Points;04/11/2019;
La Tentation du pardon;Donna LEON;Fiction;9782757878828;Points;11/09/2019;325
Quand un fils nous est donné;Donna LEON;Fiction;9782757878835;Points;16/09/2020;324
Eva;Arturo PEREZ-REVERTE;;9782757880807;Points;04/03/2021;
L'offrande grecque;Philip KERR;;9782757880937;Points;07/11/2019;473
Mémoires Vives;Edward SNOWDEN;Biography & Autobiography;9782757886076;Points;19/09/2019;384
Crossroads;Jonathan FRANZEN;Fiction;9782757890172;Points;05/10/2021;531
Une évidence trompeuse;Craig JOHNSON;Policier;9782757892930;Points;01/10/2020;350
L'élément;Ken ROBINSON;Health & Fitness;9782809649727;PlayBac;02/10/2013;326
Un moment à Pékin;Yutang LIN;;9782809715798;Picquier;29/06/2022;
Les Bébés de la consigne automatique;Ryû MURAKAMI;Fiction;9782809731804;Picquier;;524
La dernière valse de Mathilda;Tamara McKINLEY;Fiction;9782809811650;Archipoche;02/02/2005;496
L'île du maudit - L'espoir est une terre lointaine*;Colleen McCULLOUGH;Fiction;9782809822687;Pocket;14/06/2017;440
Si la lune éclaire nos pas;Nadia HASHIMI;Fiction;9782811229047;Milady;07/07/2017;512
Meurtres à Pékin;Peter MAY;Fiction;9782812603235;Babel;;418
Bon rétablissement;Marie-Sabine ROGER;Fiction;9782812603747;Babel;;206
Obia;Colin NIEL;Fiction;9782812610264;Babel;;498
La Perle et la coquille;Nadia HASHIMI;Fiction;9782820521965;Milady;17/06/2016;432
La Route d'Omaha;Robert LUDLUM;Fiction;9782823805499;Pocket;20/06/2013;565
La Vengeance dans la peau;Robert LUDLUM;Fiction;9782823805505;Le Livre de Poche;18/07/2013;712
Le cherche-bonheur;Michael ZADOORIAN;Fiction;9782823806434;43374;17/10/2013;192
African lady;Barbara WOOD;Fiction;9782823806472;Presse Pocket;13/03/2014;658
La dernière vallée verte;Mark T. SULLIVAN;;9782824622217;City Poche;01/01/2022;0
L'Été avant la guerre;Helen SIMONSON;Fiction;9782841118984;43374;19/05/2016;491
Havana 505;Cyriaque GRIFFON;;9782841866717;Editions Michalon;01/01/2013;430
Nos adieux;Timothy FINDLEY;;9782842611972;Les Editions du Rocher;16/05/2000;323
L'Île du Point Némo;Jean-Marie BLAS DE ROBLES;Fiction;9782843047305;Points;;464
Là où rêvent les étoiles;Eric MARCHAL;Fiction;9782843378744;Pocket;01/06/2017;738
L'historienne et Drakula, Tome 1 :;Elizabeth KOSTOVA;;9782845632288;Pocket;23/02/2006;492
L'historienne et Drakula, Tome 2:;Elizabeth KOSTOVA;;9782845632288;Pocket;23/02/2006;492
L'Ange de Bagdad;Paul-Loup SULITZER;Fiction;9782846123365;Le Livre de Poche;03/03/2004;300
Le Chœur des femmes;Martin WINCKLER;Fiction;9782846823739;Folio;;606
Le temps des orages [02] : Les lupins sauvages [01];Charlotte LINK;;9782846940870;Le Livre de Poche;01/01/2003;421
La forêt des ombres;Franck THILLIEZ;Fiction;9782847422184;Pocket;;394
American Dirt;Jeanine CUMMINS;Literary Collections;9782848768298;43374;;430
Le collier de Jérusalem;Belva PLAIN;;9782856165942;Pocket;01/01/1991;432
Water Music;T. Coraghessan BOYLE;;9782859405311;Libretto;;736
Les Salauds devront payer;Emmanuel GRAND;Fiction;9782867468018;Le Livre de Poche;;384
Trilogie new-yorkaise : Cité de verre - Revenants - La Chambre dérobée;Paul AUSTER;;9782868696946;Actes Sud;25/06/1991;448
La Voie de l'ennemi;Tony HILLERMAN;;9782869303973;Rivages;03/09/1990;228
Prisonniers du ciel;James Lee BURKE;;9782869305649;Rivages;19/03/2003;352
Les émois d'un marchand de café;Yves BEAUCHEMIN;;9782877063524;Editions de Fallois;01/09/1999;364
LES DERNIERS JOURS DE NOS PERES POCHE;Joël DICKER;;9782877068963;Editions de Fallois;11/03/2015;456
Jean de Florette;Marcel PAGNOL;Fiction;9782877069045;Le Livre de Poche;24/11/2014;290
Nuit sur la ville;Ryô HARA;;9782877306560;Editions Philippe Picquier;17/06/2003;396
Fakirs;Antonin VARENNE;Fiction;9782878585162;Points;;287
Sans feu ni lieu;Fred VARGAS;Fiction;9782878586374;J'ai Lu;;272
Homme aux cercles bleus;Fred VARGAS;Fiction;9782878586398;J'ai Lu;;218
L'Homme à l'envers;Fred VARGAS;Fiction;9782878586411;J'ai Lu;;305
Un peu plus loin sur la droite;Fred VARGAS;Fiction;9782878586435;J'ai Lu;;257
Sous les vents de neptune;Fred VARGAS;Fiction;9782878586879;J'ai Lu;;450
Une voix dans la nuit;Armistead MAUPIN;;9782879292724;Points;01/01/2001;407
Les enfants de Venise;Luca DI FULVIO;Fiction;9782889440382;Le Livre de Poche;12/05/2017;800
Un parfum de cèdre;Ann-Marie MacDONALD;Fiction;9782890776685;J'ai Lu;;706
Milagro ou la guerre des haricots;John NICHOLS;Mexican Americans;9782904184871;Londreys;01/01/1988;606
Chroniques du pays des mères;Elisabeth VONARBURG;Science fiction, Canadian;9782922145311;Le Livre de Poche;01/01/1999;625
Hiram;Bernard LENTERIC;;9789502804170;Le Livre de Poche;01/12/2006;458
A fleur de peau;Jodi PICOULT;;9791022402798;Michel Lafon Poche;05/04/2018;660
Les mystères de Lisbonne;Camilo Castelo BRANCO;;9791022402811;Michel Lafon Poche;03/05/2018;741
Le Détroit du loup;Olivier TRUC;Fiction;9791022601283;Points;;420
L'Ange Gabriel;Bernard LENTERIC;Fiction;9791025101094;Le Livre de Poche;;419
Les Enfants de Salonique;Bernard LENTERIC;Fiction;9791025101100;Le Livre de Poche;30/04/2014;342
Substance B;Bernard LENTERIC;Fiction;9791025101711;Le Livre de Poche;;435
Voyante;Bernard LENTERIC;Fiction;9791025101728;Le Livre de Poche;;240
Le Livre des Baltimore;Joël DICKER;Fiction;9791032100103;Editions de Fallois;30/09/2015;480
Pirouettes;Marcel PAGNOL;Fiction;9791032100301;Pocket;03/10/2016;150
Vindicta;Cédric SiIRE;;9791033909347;Harper Collins;19/05/2021;789
Le Chant des coquillages;Sarah LARK;Fiction;9791039203500;Archipoche;19/05/2022;645
La fille de papier;Guillaume MUSSO;Fiction;9791091211741;Pocket;01/04/2010;384
Et Après...;Guillaume MUSSO;Fiction;9791091211802;Pocket;22/01/2004;368
Marlène;Hanni MUNZER;Literary Collections;97823773590004;Le Livre de Poche;06/02/2020;461
1Q84 T1;Haruki MURAKAMI;;;43374;09/02/2018;
1Q84 T2;Haruki MURAKAMI;;;43374;09/02/2018;
1Q84 T3;Haruki MURAKAMI;;;43374;09/02/2018;
23 heures pour sauver Paris;Philippe MADELIN;;;Pocket;09/02/2018;
A la conquête du royaume;Wilbur SMITH;;;Pocket;21/02/2018;
Abraham et fils;Martin WINCKLER;;;Folio;17/05/2018;
Ainsi saigne-t-il;Ian RANKIN;;;Folio;16/02/2018;
Allô, Hercule Poirot;Agatha CHRISTIE;Policier;;Le Masque;16/09/2009;128
Berlin;Paul-Loup SULITZER;;;Le Livre de Poche;28/02/2018;
Blé d'hiver;Mildrer WALKER;;;43374;28/02/2018;
Captive;Margaret ATWOOD;;;Pocket;;
Chasseur de nuages;Richard RAYNER;;;J'ai Lu;21/02/2018;
Cités à la dérive;Stratis TSIRKAS;;;Points;28/02/2018;
Comme des ombres sur la terre;James WELSH;;;43374;28/02/2018;
Comme un frère;David TREUER;;;43374;28/02/2018;
Compte numéroté;Christopher REICH;;;Le Livre de Poche;21/02/2018;
Corto Maltese;Hugo PRATT;;;Folio;16/02/2018;
Cour des mystères;Hugo PRATT;;;Folio;16/02/2018;
Dans le cercle sacré;Paul-Loup SULITZER;;;Le Livre de Poche;28/02/2018;
Dix indiens;Madison SMARTT BELL;;;Babel;21/02/2018;
Donato père et fille;Sandra SCOPPETTONE;;;Pocket;21/02/2018;
D'un bord à l'autre;Armistead MAUPIN;;;43374;09/02/2018;
El serpiente;Pierre NORD;;;G.P.;09/02/2018;
En chute libre;Clyde PHILLIPS;;;Murder Inc. Poche;16/02/2018;
Et la vie va presque droite;Anne TYLER;;;Le Livre de Poche;28/02/2018;
Fortune;Paul-Loup SULITZER;;;Le Livre de Poche;28/02/2018;
Illska;Eirikur ORN NORDDAHL;;;Points;10/02/2018;
Ils ont fait la grande guerre;Firmin Gustave TORTIGER;;;Villèles;28/02/2018;
Israël;Herman WOUK;;;Pocket;28/02/2018;
Jeunesse de renny;Mazo DE LA ROCHE;;;Le Livre de Poche;;
Jeux de mémoire;Christine ARNOTHY;;;Le Livre de Poche;;
Jihad Academy;Nicolas HENIN;;;Fayard;09/06/2018;
L' Empereur des rats;Bernard LENTERIC;;;Plon;23/10/2017;
La chèvre rouge;Alphonse NOEL;;;RTL Edition;09/02/2018;
La danse des paons;Sharon MAAS;;;J'ai Lu;09/02/2018;
La dernière frontière;Philippe LEROY;;;Points;23/10/2017;
La femme secrete;Bernard LENTERIC;Fiction;;Le Livre de Poche;23/10/2017;
La fortune des Laufer;Bernard LENTERIC;;;Le Livre de Poche;23/10/2017;
La gagne;Bernard LENTERIC;;;Le Livre de Poche;23/10/2017;
La guerre des cerveaux;Bernard LENTERIC;;;Le Livre de Poche;23/10/2017;
La guerre météo a commencé;Léonard LEOKUM;;;Trévise;23/10/2017;
La loi de nos pères;Scott TUROW;;;Le Livre de Poche;28/02/2018;
La muselière;Minette WALTERS;;;Pocket;28/02/2018;
La parfaite lumière;Eiji YOSHIKAWA;;;J'ai Lu;28/02/2018;
La pierre et le sable;Eiji YOSHIKAWA;;;J'ai Lu;28/02/2018;
La proie secrète;John SANDFORD;;;Pocket;21/02/2018;
La trahison Tristan;Robert LUDLUM;;;Le Livre de Poche;23/10/2017;
La troisième prophétie;Wilbur SMITH;;;Pocket;21/02/2018;
La vie d'un héros;Pierre-Jean REMY;;;Albin Michel;21/02/2018;
La vie sauvage;June VENDALL CLARK;;;Presse Pocket;28/02/2018;
La vie trop brève d'Edwin Mulhouse;Steven MILHAUSER;;;Le Livre de Poche;09/02/2018;
Lachons les chiens;Brady UDALL;;;43374;28/02/2018;
Lames de fond;Tim LOTT;;;43374;23/10/2017;
L'ange exilé;Thomas WOLFE;;;Le Livre de Poche;28/02/2018;
L'appel des morts;Ian RANKIN;;;Le Livre de Poche;21/02/2018;
L'arbre des pleurs;Naseem RAKHA;;;Pocket;16/02/2018;
L'art de la fugue;Stephen McCAULEY;;;43374;09/02/2018;
L'avocat indien;James WELCH;;;43374;28/02/2018;
Le bout du compte;Françoise Lefèvre;;;J'ai Lu;22/10/2017;
Le capital;Stéphane OSMONT;;;Le Livre de Poche;09/02/2018;
Le complot des anges;Paul-Loup SULITZER;;;Le Livre de Poche;28/02/2018;
Le Cri du Kalahari;Mark et Delia OWENS;;;Points;01/01/1986;302
Le déclin de l'empire Whiting;Richard RUSSO;;;43374;21/02/2018;
Le dernier parrain;Mario PUZO;;;Le Livre de Poche;16/02/2018;
Le destin miraculeux d'Edgar Mint;Brady UDALL;;;43374;28/02/2018;
Le don de Qâ;Jean-Marc PASQUET;;;Le Livre de Poche;10/02/2018;
Le fleuve anaconda;Georges TANZY;;;La pensée universelle;28/02/2018;
Le gang des mégères inapprivoisées;Tom SHARPE;;;43374;21/02/2018;
Le géant des sables;Greta VAILLANT;;;Le Livre de Poche;28/02/2018;
Le livre du cercle;Robyn YOUNG;;;Pocket;28/02/2018;
Le mercenaire du diable;Paul-Loup SULITZER;;;Le Livre de Poche;28/02/2018;
Le monde perdu de Joey Madden;David PAYNE;;;Le Livre de Poche;16/02/2018;
Le musée de l'innocence;Orhan PAMUK;;;Folio;10/02/2018;
Le mystère Giotto;Iain PEARS;;;43374;16/02/2018;
Le pacte;Jodi PICOULT;;;J'ai Lu;16/02/2018;
Le paradis des chevaux;Jane SMILEY;;;Rivages;21/02/2018;
Le peintre de batailles;Arturo PEREZ-REVERTE;;;Points;16/02/2018;
Le royaume des voix;Antonio Muñoz Molina;;;Points;09/02/2018;
Le royaume interdit;Rose TREMAIN;;;Le Livre de Poche;28/02/2018;
Le sang versé;Asa LARSSON;Policier;;Le Livre de Poche;09/12/2020;
Le septième papyrus;Wilbur SMITH;;;Pocket;21/02/2018;
Le soulèvement des âmes;Madison SMARTT BELL;;;Babel;21/02/2018;
L'éclat de Dieu;Romain SARDOU;;;Pocket;21/02/2018;
L'ennemi sans visage;Stanislas-André STEEMAN;;;Le Livre de Poche;28/02/2018;
Les amants de Brignais;Pierre NAUDIN;;;Pocket;09/02/2018;
Les démons de Barton house;Minette WALTERS;;;Pocket;28/02/2018;
Les enfants du beffroi;Gilberte NIQUET;;;Terre de poche;09/02/2018;
Les fils du Nil;Wilbur SMITH;;;Pocket;21/02/2018;
Les jardins de Mardpur;Yojana SHARMA;;;Le Livre de Poche;21/02/2018;
Les maîtres de la vie;Paul-Loup SULITZER;;;Le Livre de Poche;28/02/2018;
Les murailles de feu;Steven PRESSFIELD;;;Archipoche;16/02/2018;
Les neuf cercles;R. J. ELLORY;;;Le Livre de Poche;10/02/2018;
les ombres feux du passe;Lee Chang-Rae;;;Points;22/10/2017;
Les orchidées rouges de Shangai;Juliette MORILLOT;;;Pocket;09/02/2018;
Les portes de l'aube;Ann-Victoria ROBERTS;;;Le Livre de Poche;21/02/2018;
Les prépondérants;Hédi KADDOUR;;;Folio;09/02/2018;
Les sentiers du désastre;Donald WESTLAKE;;;Rivages/noir;28/02/2018;
Les Spellman se déchainent;Lisa LUTZ;;;Le Livre de Poche;09/02/2018;
L'évangile de Jimmy;Didier VAN CAUWELAERT;;;Le Livre de Poche;28/02/2018;
L'infortunée;Wesley STACE;;;J'ai Lu;28/02/2018;
Lire Lolita à Téhéran;Azar NAFISI;;;43374;09/02/2018;
L'oeil du faucon;Wilbur SMITH;;;Pocket;21/02/2018;
Lonesome Dove épisode 2;Larry McMURTRY;;;Gallmeister;17/05/2018;
L'orange amère;Didier VAN CAUWELAERT;;;Points;28/02/2018;
Louisiana;Michel PEYRAMAURE;;;Pocket;16/02/2018;
M comme menace;David PEACE;;;Rivages/noir;16/02/2018;
Marilyn Monroe Enquete sur un assassinat;Don WOLFE;;;J'ai Lu;28/02/2018;
Marina Bellezza;Silvia AVALLONE;;;Liana Levi Piccolo;09/02/2018;
Mauvaises nouvelles;Donald WESTLAKE;;;Rivages/noir;28/02/2018;
Money, money;Martin ANIS;;;Folio;;
Mortelle défense;Brad MELTZER;;;Pocket;09/02/2018;
Mousson;Wilbur SMITH;;;Pocket;21/02/2018;
Notre part de ténèbres;Gérard MORDILLAT;;;Le Livre de Poche;09/02/2018;
Nuit;Bernard MINIER;;;Folio;17/05/2018;
Oriane ou la cinquième couleur;Paul-Loup SULITZER;;;Le Livre de Poche;28/02/2018;
Outrage public à la pudeur;Tom SHARPE;;;43374;21/02/2018;
Parti;François SALVAING;;;Le Livre de Poche;21/02/2018;
Pas de pitié pour le juge;Steve MARTINI;;;Le Livre de Poche;09/02/2018;
Passage mortel;Kathy REICHS;;;Pocket;21/02/2018;
Persécution;Alessandro PIPERNO;;;Le Livre de Poche;16/02/2018;
Plenilunio;Antonio Muñoz Molina;;;Punto de lectura;09/02/2018;
Plus que tout au monde;Jacquelyn MITCHARD;;;Pocket;09/02/2018;
Profession du père;Sorj CHALANDON;;;Le Livre de Poche;09/02/2018;
Promesse;Jussi ADLER-OLSEN;;;Le Livre de Poche;17/05/2018;
Pukhtu Primo;DOA;;;Folio;09/02/2018;
Pukhtu Secundo;DOA;;;Folio;17/05/2018;
Sans pitié, ni remords;Nicolas LEBEL;Fiction;;Le Livre de Poche;26/08/2015;384
Seznec le bagne;Denis SEZNEC;;;Pocket;21/02/2018;
Troubles dans les andins;Boris VIAN;;;Le Livre de Poche;28/02/2018;
Un abri en ce monde;Mary McGARRY MORRIS;;;Pocket;09/02/2018;
Un autre soleil;Timothy WILLIAMS;;;Rivages/noir;;
Un garçon convenable **;Vikram SETH;;;Le Livre de Poche;21/02/2018;
Un jour en mai;George PELECANOS;;;Points;16/02/2018;
Un rôle qui me convient;Richard RUSSO;;;43374;21/02/2018;
Un serpent dans l'ombre;Minette WALTERS;;;Pocket;28/02/2018;
Un traitre idéal;John LE CARRE;;;Points;09/02/2018;
Vita;Melania G. MAZZUCO;;;J'ai Lu;06/09/2015;
Voyage de noce;Christine ARNOTHY;;;Le Livre de Poche;;
